Step,l_g_gan,l_g_pix,l_g_percep,l_d_real,l_d_fake,out_d_fake,out_d_real,,,,
100,0.027038049,0.001145963,1.51699996,0.049408901,0.024886524,-10.32546902,-4.992154121,,,,
200,0.049788974,0.001145803,1.448331475,5.05E-05,0.000129028,-10.33391285,-0.376297444,,,,
300,0.023134267,0.001126994,1.555208683,0.013985154,0.011207523,-15.32970047,-10.72803974,,,,
400,0.028239734,0.00122804,1.544190884,0.040013839,0.12553668,3.66519165,9.147587776,,,,
500,0.048398763,0.001115018,1.564670086,0.000132492,0.000295938,-9.435129166,0.24419485,,,,
600,0.017280947,0.001098792,1.476388931,0.097267136,0.09520153,-3.334933519,-0.071212381,,,,
700,0.029342286,0.001220828,1.580958009,0.015347556,0.015097638,1.675022006,7.513034344,,,,
800,0.038204491,0.001121623,1.582788706,0.001682394,0.001570461,-23.53348351,-15.89583874,,,,
900,0.037723795,0.001231809,1.525285125,0.000401401,0.000368762,-3.864296675,3.679691792,,,,
1000,0.035919733,0.001003367,1.469489098,0.000424963,0.00044238,-19.68216705,-12.49908733,,,,
1100,0.018096939,0.001078135,1.361516953,0.019610308,0.017828152,-15.39279842,-11.81084824,,,,
1200,0.022743799,0.001094198,1.497655392,0.006152089,0.006899237,9.974045753,14.50975418,,,,
1300,0.013274607,0.001192264,1.518645525,0.042911299,0.044448022,-21.01551247,-18.44795036,,,,
1400,0.014737975,0.00101249,1.377483368,0.070925556,0.068995371,5.252168655,8.059843063,,,,
1500,0.031181097,0.00112585,1.529211044,0.001218951,0.001416729,-68.44269562,-62.20911407,,,,
1600,0.006419097,0.000991191,1.497985005,0.211680681,0.211078197,-50.11997223,-49.25891495,,,,
1700,0.031437807,0.001037751,1.41947341,0.001223054,0.001202309,-24.72552109,-18.44038582,,,, 
1800,0.030691184,0.001095355,1.411734104,0.001721088,0.001685447,-31.20749092,-25.07266045,,,,
1900,0.046570741,0.001204275,1.515881538,0.000203274,0.000304615,-76.07324219,-66.75960541,,,,
2000,0.020281037,0.001215132,1.467390656,0.035595067,0.034618217,-65.60675812,-61.62076569,,,,
2100,0.022654239,0.001175679,1.402902126,0.013606686,0.014182658,-43.67358398,-39.1705246,,,,
2200,0.013890419,0.001109917,1.555548787,0.038017858,0.037966985,-64.3977356,-61.69564056,,,,
2300,0.023330418,0.001033954,1.38525486,0.008161676,0.007515017,-64.39102173,-59.74061584,,,,
2400,0.039693557,0.001008096,1.387794733,0.000200691,0.000194823,-61.96672821,-54.02841187,,,,
2500,0.026936639,0.001163728,1.52036953,0.004712135,0.004090456,-40.81129456,-35.43276978,,,,
2600,0.016866015,0.001049568,1.561818361,0.035142452,0.033731461,10.53334713,13.837677,,,,
2700,0.02249402,0.00091126,1.441082478,0.008927624,0.010017279,4.819666862,9.299526215,,,,
2800,0.006651608,0.001029424,1.360049129,0.225887313,0.223246545,-46.58508301,-45.70389557,,,,
2900,0.007590832,0.001004022,1.464818478,0.500595808,0.50207442,-33.65372086,-33.13822556,,,,
3000,0.023215534,0.001015469,1.536935925,0.007919332,0.008062,-26.92832756,-22.30120087,,,,
3100,0.019650377,0.00111507,1.421603203,0.018657792,0.016700011,-16.5173378,-12.62261868,,,,
3200,0.009504599,0.000996553,1.416959047,0.090777531,0.088334084,-55.93659592,-54.21478653,,,,
3300,0.018611833,0.000972609,1.37555933,0.056858227,0.054355752,-52.93218613,-49.32103348,,,,
3400,0.020445731,0.001119936,1.523722887,0.109519154,0.114054643,-42.53607941,-38.67050934,,,,
3500,0.008917826,0.001076413,1.464511633,0.102111235,0.106413424,-7.743442059,-6.168401718,,,,
3600,0.084226653,0.000928757,1.484450102,2.61E-08,2.61E-08,-24.62729263,-7.781960487,,,,
3700,0.019864129,0.001099893,1.557083368,0.015141611,0.018472491,36.26010895,40.19931793,,,,
3800,0.009777497,0.001083344,1.398036003,0.279597133,0.289473951,23.44226837,24.8286953,,,,
3900,0.016051572,0.001051609,1.4697932,0.022887465,0.022297272,-52.10993195,-48.94480133,,,,
4000,0.031425968,0.001032616,1.376776695,0.00422554,0.004366036,-46.51121521,-40.23461533,,,,
4100,0.025109477,0.00104633,1.434118986,0.004554203,0.004289628,-4.83544445,0.177607358,,,,
4200,0.024319503,0.00117239,1.415134311,0.021855103,0.023121569,-19.47499847,-14.65607262,,,,
4300,0.018221125,0.001004627,1.440437675,0.01617695,0.017062191,-8.766862869,-5.155877113,,,,
4400,0.02367124,0.001140715,1.424233913,0.006551648,0.006583862,-2.717748165,2.003364086,,,,
4500,0.004549573,0.001291837,1.500690937,0.807970822,0.808378994,17.9735508,17.26711655,,,,
4600,0.032251857,0.001037141,1.282254338,0.001003279,0.001076334,-69.40466309,-62.95636749,,,,
4700,0.011857922,0.001028127,1.388416409,0.207928807,0.205592871,-65.58306122,-63.625,,,,
4800,0.035680052,0.001200162,1.391788363,0.000489469,0.000481889,-21.96908951,-14.83404922,,,,
4900,0.018237643,0.001017105,1.407414436,0.016072579,0.015414037,-47.63446808,-44.0184288,,,,
5000,0.025550663,0.000986414,1.306913853,0.006323757,0.006350892,-43.78236771,-38.68490982,,,,
5100,0.005764534,0.000970483,1.371731043,0.206813365,0.204772696,-25.28612137,-24.54480171,,,,
5200,0.011803677,0.000966177,1.398233891,0.189129904,0.19513008,-31.69439507,-29.7179203,,,,
5300,0.025010869,0.001088412,1.263810396,0.003490738,0.003447487,-29.43326187,-24.43802643,,,,
5400,0.009512219,0.001085752,1.414572477,0.109513626,0.112561926,-1.03943944,0.640928984,,,,
5500,0.069040313,0.001217734,1.474408269,9.47E-06,2.83E-06,-69.89185333,-56.08380127,,,,
5600,0.021807374,0.001001862,1.461592078,0.009013809,0.008500503,-13.11857605,-8.774615288,,,,
5700,0.031278197,0.001136599,1.439126968,0.01451933,0.01461817,-60.68439865,-54.45789337,,,,
5800,0.024692539,0.001048793,1.431171894,0.003894495,0.004006195,-9.089355469,-4.158748627,,,,
5900,0.027557172,0.001123489,1.473859787,0.003339635,0.003110302,-36.46193695,-30.95695114,,,,
6000,0.021215077,0.000917937,1.315865993,0.010549588,0.010928273,1.018640876,5.240178108,,,,
6100,0.0362648,0.001135193,1.351075411,0.000456519,0.000434605,-39.77324295,-32.52117157,,,,
6200,0.038175363,0.001042729,1.303747416,0.014919649,0.016073335,-20.21509361,-12.61101341,,,,
6300,0.015739467,0.000948306,1.367462635,0.026257304,0.024993937,-68.97067261,-65.8740387,,,,
6400,0.02409558,0.00099095,1.423710346,0.012972316,0.012927495,6.364809036,11.15802479,,,,
6500,0.014903907,0.001109609,1.394173384,0.146333933,0.146646991,-48.18775177,-45.49995041,,,,
6600,0.030568691,0.0009092,1.266981602,0.004281351,0.00422639,-19.29161453,-13.18638325,,,,
6700,0.034624692,0.001172888,1.405801773,0.007033328,0.00795481,-50.760849,-43.85089874,,,,
6800,0.033795923,0.001095109,1.474416733,0.00157793,0.00164045,20.9669838,27.72294998,,,,
6900,0.022808917,0.001124197,1.438409328,0.058690559,0.059664473,18.96495438,23.40838432,,,,
7000,0.021201815,0.001056075,1.501483083,0.010185417,0.01094952,-26.05691147,-21.83768272,,,,
7100,0.006109111,0.00101801,1.410464048,0.192006439,0.187218845,11.91955566,12.76215267,,,,
7200,0.037021801,0.001010682,1.429701567,0.002008203,0.001995514,-10.34195232,-2.941595554,,,,
7300,0.017701838,0.001142308,1.47712183,0.336901069,0.33478421,1.771901608,4.640583992,,,,
7400,0.020693677,0.001026098,1.431765556,0.018907601,0.0192804,-59.20444489,-55.10389709,,,,
7500,0.023374155,0.001061876,1.451881886,0.006918161,0.006865195,-7.943655968,-3.282608509,,,,
7600,0.01583885,0.001058378,1.425644159,0.024739871,0.025522646,-38.18101501,-35.06350708,,,,
7700,0.037394375,0.001094993,1.406667471,0.000856128,0.000950567,-44.65226746,-37.1751976,,,,
7800,0.044400625,0.000945758,1.409831047,0.024051545,0.023829335,8.595141411,17.42738724,,,,
7900,0.014854715,0.001183932,1.414481282,0.226580203,0.22668305,-12.07034302,-9.552662849,,,,
8000,0.094596222,0.00093831,1.346160173,1.21E-07,1.49E-07,-33.69208527,-14.77284145,,,,
8100,0.005543916,0.000998613,1.374408484,0.213804811,0.215802372,-26.28901672,-25.60984039,,,,
8200,0.026721215,0.001074668,1.433146,0.002506174,0.002531285,-44.69836426,-39.35915756,,,,
8300,0.026699405,0.001059929,1.396440268,0.003842314,0.003572858,-60.23196793,-54.8995018,,,,
8400,0.037696015,0.00117231,1.473440647,0.00080938,0.000822058,-38.9800415,-31.44246864,,,,
8500,0.039352883,0.000991325,1.358977556,0.000950427,0.000959492,-11.61505127,-3.746385098,,,,
8600,0.049029686,0.000923623,1.328110456,0.000157311,0.000149863,-42.25592041,-32.45029449,,,,
8700,0.059471015,0.001123795,1.428505421,1.56E-05,1.60E-05,-13.57117653,-1.67700386,,,,
8800,0.008551499,0.001069097,1.491502285,0.125531182,0.123348974,-35.45192337,-33.99050522,,,,
8900,0.040037528,0.000928119,1.377644181,0.001339682,0.001325137,-46.78342056,-38.77857971,,,,
9000,0.038243171,0.001066832,1.364194751,0.000326595,0.000331253,-14.67793846,-7.029962063,,,,
9100,0.025104025,0.00097426,1.325405955,0.008816459,0.008557995,49.33535767,54.33879089,,,,
9200,0.033390481,0.001069199,1.438124895,0.001781326,0.001806113,-56.03993988,-49.36543274,,,,
9300,0.029216729,0.000993825,1.400421858,0.026603982,0.026161833,-57.2824173,-51.49183655,,,,
9400,0.022557028,0.001191445,1.419906378,0.020229774,0.019296367,-37.35606003,-32.88418198,,,,
9500,0.029758574,0.000947646,1.320701599,0.001589862,0.001563817,28.68015671,34.62871552,,,,
9600,0.035218328,0.001072019,1.466311574,0.002603544,0.002314789,40.1529007,47.19164276,,,,
9700,0.049878925,0.001092066,1.385237217,0.000849513,0.000815034,-51.75618744,-41.78206635,,,,
9800,0.018528376,0.000958146,1.393248081,0.022633934,0.02221741,-24.94167328,-21.28084946,,,,
9900,0.025379583,0.001012087,1.337642908,0.03878101,0.037957855,2.890212059,7.889390469,,,,
10000,0.009626973,0.001120493,1.380422354,0.093417168,0.092424661,-23.69494247,-21.95539093,,,,
10100,0.022263868,0.001035272,1.396795273,0.021996096,0.022373701,-31.51190186,-27.10350037,,,,
10200,0.036438331,0.001048881,1.349116564,0.000846949,0.000839002,-30.59300804,-23.30702782,,,,
10300,0.04631719,0.001130224,1.438905001,0.000395193,0.000361103,-20.76382637,-11.50114441,,,,
10400,0.041217893,0.001033335,1.376409292,0.001488484,0.001494595,-27.82891273,-19.58831596,,,,
10500,0.035658326,0.000985871,1.379206657,0.000423089,0.000411127,-35.47129059,-28.34046173,,,,
10600,0.046471022,0.001148851,1.359391689,0.00013437,7.10E-05,-16.46697617,-7.172976017,,,,
10700,0.018419759,0.00105427,1.401638865,0.015811201,0.016009144,13.94417572,17.59630585,,,,
10800,0.026394252,0.00115899,1.436340451,0.026073767,0.026013227,-52.07270813,-46.84594727,,,,
10900,0.055879675,0.001036804,1.373492599,0.000204974,0.000198843,-14.02330589,-2.847773314,,,,
11000,0.042773865,0.001138883,1.445284843,0.000326103,0.000294889,-10.0707283,-1.516575813,,,,
11100,0.029884458,0.001088812,1.412379146,0.001430186,0.001420683,0.373679638,6.347720146,,,,
11200,0.072721928,0.001071824,1.485496879,2.89E-07,2.87E-07,-30.54287338,-15.99848747,,,,
11300,0.043063711,0.001011909,1.370634794,0.000157194,0.000147569,-59.5798645,-50.9674263,,,,
11400,0.036952935,0.001106055,1.392136216,0.000380788,0.000348843,-6.289934158,1.099923372,,,,
11500,0.046020895,0.001025165,1.41078794,7.72E-05,7.18E-05,28.339571,37.54360199,,,,
11600,0.024583306,0.001248466,1.425309062,0.110897958,0.11141444,16.83691406,21.53126526,,,,
11700,0.013419511,0.000986632,1.325744987,0.200992435,0.199602291,-21.45516586,-19.17185974,,,,
11800,0.043557398,0.00110574,1.495885134,0.000621355,0.000605213,8.448513031,17.1587677,,,,
11900,0.013985757,0.000950424,1.359336853,0.20335649,0.201201558,-27.58715057,-25.19455719,,,,
12000,0.047961771,0.001226805,1.514918804,0.000277095,0.000283506,-10.94866943,-1.356874108,,,,
12100,0.046311021,0.001024796,1.469174385,0.000115878,0.000112254,-11.1510849,-1.889108777,,,,
12200,0.031605631,0.001129038,1.429610848,0.000957336,0.000970245,-35.96046448,-29.64126587,,,,
12300,0.024032746,0.001111143,1.452862263,0.005883032,0.006918973,-0.314760745,4.47898674,,,,
12400,0.037551515,0.0011191,1.402775168,0.00086738,0.000582148,-7.987579823,-0.478725433,,,,
12500,0.043844339,0.001093119,1.395110726,0.000451028,0.000449893,22.60456848,31.37253571,,,,
12600,0.010528417,0.001074028,1.441476345,0.321063787,0.322921276,-18.94311333,-17.48141479,,,,
12700,0.047242738,0.00104883,1.440759897,4.48E-05,4.53E-05,-34.56079102,-25.11233521,,,,
12800,0.039255828,0.001113804,1.396357298,0.003065089,0.003144407,-18.41413116,-10.56917572,,,,
12900,0.051910184,0.001032914,1.372430563,2.80E-05,2.73E-05,-6.323672295,4.058310032,,,,
13000,0.050711229,0.001066795,1.418992519,3.13E-05,2.82E-05,4.287819862,14.43000603,,,,
13100,0.044107951,0.00092656,1.364527822,8.02E-05,8.03E-05,-50.22637177,-41.40494156,,,,
13200,0.02087627,0.00106393,1.415899277,0.037395004,0.037473742,-14.25582981,-10.1554451,,,,
13300,0.020604314,0.001017353,1.386612773,0.263697207,0.262793928,-36.83460617,-33.24023438,,,,
13400,0.034829818,0.001018656,1.464080811,0.001942692,0.001769144,-16.84983826,-9.887586594,,,,
13500,0.041827492,0.001142139,1.485326767,0.000141894,0.00015802,-5.541059017,2.824139595,,,,
13600,0.02926136,0.000939417,1.386561871,0.003206734,0.003247622,31.53393555,37.37975311,,,,
13700,0.066786364,0.000967241,1.452114344,1.49E-06,1.61E-06,-17.69340897,-4.336139679,,,,
13800,0.040512197,0.000987374,1.395296812,0.000157812,0.000158742,6.051825047,14.15394783,,,,
13900,0.039550029,0.001038832,1.430727363,0.053410672,0.089013062,-65.37371063,-57.60612869,,,,
14000,0.033726975,0.001001378,1.385918736,0.001520921,0.001473432,6.741223335,13.48362446,,,,
14100,0.036531977,0.00099285,1.344979763,0.010155306,0.009586604,1.145414114,8.432067871,,,,
14200,0.050647084,0.001146922,1.380206108,2.17E-05,2.13E-05,-22.76573181,-12.63635731,,,,
14300,0.030017018,0.001089682,1.443344593,0.005004823,0.005016393,19.11975098,25.11313248,,,,
14400,0.013823992,0.001073782,1.445197582,0.399075359,0.392349124,-61.47888947,-59.50551605,,,,
14500,0.049248002,0.001127084,1.400350332,0.000109468,0.000125972,6.560563564,16.40992928,,,,
14600,0.049834806,0.001053173,1.529829979,0.00016053,0.000172291,-23.51040649,-13.54377747,,,,
14700,0.045620859,0.001037401,1.342844009,0.000102799,0.000110149,18.32543564,27.44939613,,,,
14800,0.025647262,0.001003247,1.321650505,0.003214839,0.003360778,8.477893829,13.60077095,,,,
14900,0.057048604,0.001116611,1.482144475,8.29E-06,9.01E-06,-65.59257507,-54.18287659,,,,
15000,0.042197488,0.001102547,1.381961346,0.003267824,0.003209496,9.806400299,18.23942184,,,,
15100,0.023083303,0.001139506,1.398573875,0.010622467,0.0114762,7.960638046,12.55520058,,,,
15200,0.026864301,0.001053323,1.342089534,0.003391291,0.003635447,-40.51973724,-35.15390015,,,,
15300,0.041749865,0.00098994,1.346591473,0.00013021,0.000132505,6.879230499,15.22894096,,,,
15400,0.028507829,0.001118402,1.464713573,0.002326883,0.002629552,-46.73103333,-41.03442383,,,,
15500,0.044919252,0.001131982,1.587019682,0.000196829,0.000171937,-12.07789612,-3.094415665,,,,
15600,0.033021644,0.001074022,1.43053484,0.001481651,0.001462672,-22.50161552,-15.90023136,,,,
15700,0.020895926,0.001029566,1.361710787,0.016738251,0.015934028,-4.374484539,-0.227971554,,,,
15800,0.040080719,0.001007687,1.451348305,0.006167847,0.006418508,-47.4641037,-39.4605484,,,,
15900,0.021736162,0.001041302,1.486044049,0.213471264,0.21549733,5.010986328,8.929249763,,,,
16000,0.057567343,0.001185332,1.425535679,0.018831104,0.018058728,-22.23488998,-10.75831127,,,,
16100,0.055878058,0.001073756,1.469833136,0.000517934,0.000495227,-32.18945694,-21.01485825,,,,
16200,0.025223639,0.001101735,1.487473249,0.003437273,0.003456379,10.31664467,15.35447884,,,,
16300,0.03860876,0.001157958,1.451665998,0.000294347,0.000299219,-20.30908966,-12.58793163,,,,
16400,0.025626086,0.001049726,1.45173049,0.003747584,0.003494006,24.22753906,29.3455162,,,,
16500,0.041742459,0.001030859,1.45640564,0.000138666,0.000133679,-44.59958649,-36.25136566,,,,
16600,0.020592466,0.001076225,1.399428964,0.010941663,0.010459672,-54.50880432,-50.41171265,,,,
16700,0.045233712,0.000945868,1.371172905,8.17E-05,7.89E-05,-23.48599815,-14.43941689,,,,
16800,0.05398741,0.001048334,1.419198513,1.08E-05,1.11E-05,4.514578342,15.31203938,,,,
16900,0.039502397,0.001110376,1.359018087,0.000479979,0.000463527,-39.81455994,-31.9150219,,,,
17000,0.021844864,0.001017069,1.374683619,0.007624088,0.007396211,19.38088799,23.73484039,,,,
17100,0.042052321,0.000979395,1.318558097,0.000388909,0.000383124,-16.57684708,-8.167153358,,,,
17200,0.034751989,0.000997625,1.283748627,0.000570284,0.000569347,-30.73176765,-23.78250885,,,,
17300,0.03117797,0.00094847,1.316454768,0.001066588,0.00107739,3.464730263,9.698181152,,,,
17400,0.022052146,0.001055748,1.373664498,0.022142721,0.021842688,-13.81154823,-9.445104599,,,,
17500,0.059198909,0.001115798,1.490087032,7.15E-06,7.31E-06,-6.73972559,5.100041389,,,,
17600,0.046336085,0.001097325,1.478016376,0.000141101,0.000140347,-12.32558823,-3.058653355,,,,
17700,0.017326981,0.001084931,1.440197229,0.053774875,0.053470761,-30.63437271,-27.27622223,,,,
17800,0.023636492,0.000997758,1.435604095,0.139464781,0.144373134,-58.58953476,-54.14607239,,,,
17900,0.029662054,0.001277928,1.377522111,0.00574589,0.005414102,1.735488057,7.656739235,,,,
18000,0.022177871,0.000973087,1.359498858,0.008179446,0.007749313,0.601890743,5.021535873,,,,
18100,0.029978303,0.001215436,1.400823593,0.001450655,0.001476158,5.613795757,11.60653019,,,,
18200,0.034102574,0.00097689,1.372413754,0.009618039,0.00980445,16.95752335,23.7586174,,,,
18300,0.021882884,0.001052766,1.384717345,0.170858175,0.168467358,-76.31480408,-72.27754211,,,,
18400,0.033511363,0.000956945,1.405446768,0.000877496,0.000935527,-1.11034441,5.590115547,,,,
18500,0.032790452,0.001057077,1.364181519,0.059929863,0.062666602,-27.4631958,-21.02770042,,,,
18600,0.033971168,0.001120235,1.455332041,0.000595063,0.000590038,-63.35401917,-56.56096649,,,,
18700,0.041277464,0.001137841,1.48251009,0.000728624,0.000816489,10.82225037,19.07619858,,,,
18800,0.035857011,0.001027973,1.395070553,0.00607436,0.005706943,-12.65579319,-5.496171951,,,,
18900,0.038575336,0.001050169,1.354101062,0.000565389,0.000520822,-22.99198914,-15.27800655,,,,
19000,0.090927489,0.001108379,1.418741226,5.73E-06,6.05E-06,-18.71424866,-0.528761744,,,,
19100,0.02680555,0.001043641,1.351466179,0.02788757,0.028364889,-39.885746,-34.58088684,,,,
19200,0.050365441,0.0009603,1.275967598,5.24E-05,4.84E-05,-22.25296593,-12.17997742,,,,
19300,0.049065262,0.001087786,1.407191038,5.82E-05,7.67E-05,22.05528641,31.86820221,,,,
19400,0.037332539,0.001050831,1.372759104,0.420589685,0.421663404,-61.07946777,-54.45521545,,,,
19500,0.051396623,0.001012688,1.384002566,0.001425564,0.001405613,43.85435486,54.13084412,,,,
19600,0.08917474,0.001084019,1.411392689,3.20E-06,3.16E-06,-11.99616432,5.838776588,,,,
19700,0.046166081,0.001092028,1.400944948,0.000114416,0.000114484,-38.66211319,-29.42912483,,,,
19800,0.027924392,0.001032629,1.384540081,0.00649805,0.006661498,40.75440979,46.3261261,,,,
19900,0.05052013,0.001027447,1.33298707,3.16E-05,3.23E-05,-65.93215942,-55.82819748,,,,
20000,0.020959755,0.0011532,1.421357751,1.883644462,1.883672357,-1.474271297,-1.049636841,,,,
20100,0.047333896,0.001090529,1.445590734,4.18E-05,4.24E-05,1.334863782,10.80155945,,,,
20200,0.022003448,0.000971012,1.256786466,0.006793586,0.007032674,-20.13888168,-15.75201893,,,,
20300,0.046596453,0.001000621,1.40395999,4.64E-05,4.66E-05,-33.84004211,-24.52084541,,,,
20400,0.060331278,0.0012956,1.616984725,3.04E-06,3.04E-06,-13.93745995,-1.871209979,,,,
20500,0.035951331,0.001176614,1.504754066,0.000434548,0.000425652,-0.760775685,6.428630829,,,,
20600,0.017208461,0.001006925,1.361385345,0.01760821,0.017869435,-13.33623695,-9.93002224,,,,
20700,0.000119886,0.00117769,1.680380821,1.894053817,1.894052982,18.31590843,14.55177879,,,,
20800,0.049622521,0.001015508,1.404155016,2.93E-05,2.62E-05,11.1637249,21.08817482,,,,
20900,0.021467095,0.000960965,1.324706793,0.007377442,0.007285002,13.38042068,17.65917778,,,,
21000,0.033660315,0.001011561,1.367065191,0.000655512,0.000661018,-14.13740349,-7.406657219,,,,
21100,0.061679117,0.000985974,1.340615273,2.57E-06,2.36E-06,-29.67331314,-17.3374939,,,,
21200,0.04665044,0.000985238,1.449457645,5.33E-05,4.77E-05,19.07972336,28.40970993,,,,
21300,0.072822832,0.001083038,1.339015841,2.46E-07,2.61E-07,-34.24797058,-19.68340302,,,,
21400,0.01388414,0.000974348,1.370545149,0.034202229,0.034479734,-25.75910568,-23.05096054,,,,
21500,0.048915002,0.00108879,1.338187814,2.96E-05,3.01E-05,-1.870992422,7.911948204,,,,
21600,0.055907391,0.00096616,1.41588974,7.47E-06,7.37E-06,-9.797359467,1.384103298,,,,
21700,0.024327677,0.000982192,1.436416149,0.004105797,0.004124078,1.85780406,6.715109825,,,,
21800,0.037091948,0.001019719,1.366918564,0.00032619,0.000315633,-2.637345791,4.780402184,,,,
21900,0.027241334,0.000965225,1.381785631,0.002387832,0.002268774,-10.33198833,-4.888378143,,,,
22000,0.046573184,0.001075922,1.385672092,4.76E-05,4.79E-05,15.17805099,24.49259186,,,,
22100,0.041814193,0.000984103,1.287319183,0.000128733,0.000125755,1.074115634,9.436699867,,,,
22200,0.041958548,0.001272576,1.457866192,0.000123609,0.000121491,21.51066208,29.90212631,,,,
22300,0.054106183,0.001045385,1.347941399,1.10E-05,1.07E-05,0.418772161,11.23998642,,,,
22400,0.082284592,0.000994428,1.444663763,4.47E-08,4.47E-08,-2.388337612,14.06858063,,,,
22500,0.047494337,0.001115489,1.376427412,4.42E-05,4.31E-05,13.56290436,23.06168556,,,,
22600,0.031933349,0.00100042,1.369906306,0.000932455,0.000940801,-28.01198578,-21.62718964,,,,
22700,0.05386883,0.000936713,1.424629211,1.13E-05,1.15E-05,1.194026947,11.96777058,,,,
22800,0.059326768,0.000996611,1.399087548,4.62E-06,4.05E-06,15.94310284,27.80844688,,,,
22900,0.040482022,0.001040923,1.333275318,0.000160036,0.000159768,31.15686035,39.25294495,,,,
23000,0.035249796,0.001009019,1.309608221,0.000454715,0.00051173,15.27485847,22.32385063,,,,
23100,0.047371313,0.001099129,1.445043921,4.27E-05,4.52E-05,43.33649445,52.81066895,,,,
23200,0.037422672,0.001214855,1.495543003,0.000299106,0.000326159,20.8863678,28.3702774,,,,
23300,0.035013326,0.001000532,1.381087542,0.000514127,0.000508982,-19.68307877,-12.68143654,,,,
23400,0.05288364,0.001153715,1.343867779,1.35E-05,1.54E-05,42.70934677,53.28604507,,,,
23500,0.058598585,0.000987759,1.226685047,4.33E-06,4.40E-06,3.062004089,14.78171253,,,,
23600,0.032993399,0.001186499,1.48095727,0.000788918,0.000762409,21.78695297,28.38408089,,,,
23700,0.054542996,0.001041847,1.364176512,1.01E-05,9.79E-06,-32.556427,-21.64784813,,,,
23800,0.045539886,0.001151556,1.427239776,7.23E-05,6.05E-05,31.91413116,41.02197647,,,,
23900,0.04802449,0.000946818,1.260245085,3.81E-05,3.61E-05,3.757863522,13.36268806,,,,
24000,0.02560674,0.000958732,1.375139236,0.003409454,0.003146841,55.70993805,60.82472992,,,,
24100,0.029174585,0.001089508,1.332912683,0.001625709,0.001568314,12.10687542,17.93859863,,,,
24200,0.054355226,0.001102842,1.464537501,1.11E-05,1.06E-05,-15.59894085,-4.727917194,,,,
24300,0.042876177,0.000935594,1.357265592,0.000105476,0.00010883,26.16284943,34.73786926,,,,
24400,0.042310156,0.000984371,1.228407025,0.00011561,0.000110304,12.17729759,20.63910294,,,,
24500,0.007861318,0.000974978,1.29931736,0.130727336,0.135973692,34.56088638,35.86644745,,,,
24600,0.079150796,0.000951029,1.503058672,6.71E-08,7.08E-08,10.67300892,26.50316811,,,,
24700,0.049921278,0.001000352,1.519304991,2.46E-05,2.52E-05,-7.531085491,2.453120708,,,,
24800,0.051871948,0.001180183,1.448335767,1.68E-05,1.89E-05,33.26651001,43.64086151,,,,
24900,0.000790066,0.000964684,1.306561708,0.992639244,0.992695212,4.775877476,2.948556185,,,,
25000,0.072553501,0.001081763,1.477448463,2.76E-07,2.61E-07,5.154194832,19.6648941,,,,
25100,0.021662869,0.001058999,1.432165027,0.007501596,0.008748676,-20.71814156,-16.40181732,,,,
25200,0.02701072,0.00106369,1.268733501,0.002560609,0.002504734,51.65063477,57.04771423,,,,
25300,0.035737365,0.001108613,1.38240993,0.000423879,0.000423177,28.13705635,35.28368378,,,,
25400,0.023415625,0.001034515,1.460052252,0.00501243,0.004883808,-48.96294022,-44.289711,,,,
25500,0.005701334,0.001109853,1.472523928,0.209335566,0.208022326,35.32187653,36.04478455,,,,
25600,0.039741948,0.001117881,1.487110496,0.000200205,0.00019409,38.58522797,46.5332222,,,,
25700,0.028005268,0.000854661,1.232097626,0.001994789,0.001966885,54.90807724,60.50516891,,,,
25800,0.029631898,0.000982851,1.237691402,0.001411852,0.001415361,-15.92698574,-10.00343323,,,,
25900,0.059314162,0.000914553,1.321306825,3.85E-06,3.82E-06,15.91921806,27.78204346,,,,
26000,0.054460015,0.001125535,1.694722652,1.01E-05,1.03E-05,-6.458837032,4.433146,,,,
26100,0.014195158,0.001046496,1.377263546,0.033036098,0.031767085,15.38692665,18.1611557,,,,
26200,0.034966465,0.001208519,1.4201653,0.000483035,0.000482552,23.55017471,30.54250336,,,,
26300,0.018592253,0.001118521,1.468586445,0.013603987,0.012979377,16.30047226,19.99234009,,,,
26400,0.039398164,0.001079943,1.407842517,0.000224901,0.00020829,-6.610897064,1.268302202,,,,
26500,0.045064673,0.000949084,1.291339278,6.88E-05,6.55E-05,11.40284348,20.41564369,,,,
26600,0.056354068,0.001099587,1.406808615,6.63E-06,7.00E-06,3.125857353,14.39665794,,,,
26700,0.039035,0.001000649,1.414228916,0.000234164,0.000213878,2.686858654,10.49341106,,,,
26800,0.044821993,0.000875322,1.264791131,7.64E-05,7.25E-05,-45.154953,-36.19070435,,,,
26900,0.067391321,0.001015554,1.427120924,7.75E-07,8.12E-07,21.04940414,34.527668,,,,
27000,0.019369848,0.000855219,1.262185812,0.010944982,0.011495043,9.854877472,13.70640755,,,,
27100,0.043029122,0.001120296,1.475904226,0.000100895,9.73E-05,27.0259285,35.63155365,,,,
27200,0.035056543,0.001229712,1.368854642,0.000482752,0.000468482,24.13288498,31.14324188,,,,
27300,0.039521627,0.001098351,1.395787954,0.000196454,0.000194612,11.26392174,19.16785622,,,,
27400,0.024591103,0.000953412,1.362229824,0.003800275,0.003810484,2.771676779,7.682286739,,,,
27500,0.03317865,0.000900126,1.338733792,0.000862666,0.000730025,47.76411438,54.39825058,,,,
27600,0.006215893,0.000961413,1.320656061,0.184246868,0.183548898,15.54048347,16.41586685,,,,
27700,0.047047786,0.001133511,1.510859251,4.69E-05,4.86E-05,33.98887634,43.39833832,,,,
27800,0.079727009,0.000956042,1.40070653,5.96E-08,7.08E-08,11.28530121,27.23070145,,,,
27900,0.028243849,0.001153201,1.454762697,0.001989018,0.00186719,59.97113037,65.61604309,,,,
28000,0.02109766,0.001093755,1.38520658,0.008182665,0.007812374,24.09988785,28.30342484,,,,
28100,0.047551941,0.001050001,1.478700638,3.90E-05,3.87E-05,25.63653946,35.14685059,,,,
28200,0.050711665,0.001043713,1.348091364,2.14E-05,2.08E-05,20.75377274,30.89606476,,,,
28300,0.041404799,0.001009732,1.338688493,0.000139284,0.000136008,10.2329464,18.51362991,,,,
28400,0.053395659,0.000932697,1.293235183,1.22E-05,1.18E-05,33.28224182,43.96134949,,,,
28500,0.026195405,0.001120608,1.450343013,0.002789813,0.003003958,19.66921616,24.90250397,,,,
28600,0.051127471,0.001022379,1.422616243,2.04E-05,2.02E-05,29.56672859,39.79218292,,,,
28700,0.002785,0.000853792,1.240954518,0.455490917,0.452429056,13.49960327,13.14868355,,,,
28800,7.00E-06,0.000960295,1.305431128,3.434791088,3.435054302,56.95114136,50.08269882,,,,
28900,0.004898189,0.000929564,1.247494102,0.249213353,0.255868673,35.97522736,36.44978333,,,,
29000,0.051635217,0.000995636,1.351489305,1.81E-05,1.83E-05,28.89773941,39.2247467,,,,
29100,0.054524876,0.000916978,1.319231629,9.48E-06,9.57E-06,30.32723808,41.23219299,,,,
29200,0.031075742,0.001124196,1.481443405,0.001107854,0.001131995,43.55125427,49.76416397,,,,
29300,0.030026127,0.001053239,1.514593363,0.001372017,0.001316215,5.760439873,11.76297665,,,,
29400,0.068762884,0.000947234,1.291828394,5.81E-07,5.51E-07,34.0692749,47.82184982,,,,
29500,0.026750511,0.001103303,1.335395336,0.002478841,0.002603612,-33.66252899,-28.3175087,,,,
29600,0.061069913,0.001042048,1.280542135,2.55E-06,2.58E-06,34.7621994,46.9761734,,,,
29700,0.044491738,0.000965663,1.333574176,7.12E-05,7.12E-05,50.12527466,59.02347946,,,,
29800,0.022963766,0.001063564,1.377857924,0.005563345,0.006379944,42.77043152,47.35124207,,,,
29900,0.085179329,0.001117439,1.416664958,1.49E-08,1.12E-08,3.861561775,20.89742661,,,,
30000,0.052516714,0.001076176,1.451068282,1.51E-05,1.42E-05,31.27481651,41.77812958,,,,
30100,0.031864218,0.001097249,1.404755235,0.000890948,0.000893474,31.12733459,37.49839401,,,,
30200,0.054825563,0.001035603,1.363999724,9.73E-06,9.02E-06,40.02355957,50.98865509,,,,
30300,0.045658838,0.001179792,1.287785172,5.66E-05,5.77E-05,37.30065918,46.43231201,,,,
30400,0.083421573,0.001176191,1.499941587,2.24E-08,2.61E-08,34.950634,51.63494873,,,,
30500,0.04202871,0.001025698,1.38758564,0.000124819,0.000119152,27.44813919,35.8536377,,,,
30600,0.054881141,0.000909402,1.399646282,9.00E-06,8.94E-06,15.81276798,26.78897858,,,,
30700,0.044605643,0.001033231,1.374586582,7.61E-05,7.45E-05,1.300624728,10.22160339,,,,
30800,0.016299594,0.000961468,1.344937801,0.020734768,0.021222942,33.71934128,36.93730164,,,,
30900,0.038251735,0.000973663,1.392731905,0.000252632,0.00025371,47.73322296,55.38306427,,,,
31000,0.014423307,0.001091521,1.327239633,0.030421427,0.03045363,13.18137169,16.00515747,,,,
31100,0.021398384,0.001103005,1.419768333,0.007247211,0.007489092,7.938732624,12.20367336,,,,
31200,0.028117355,0.000911786,1.212855816,0.001964963,0.001920746,34.11867523,39.73826218,,,,
31300,0.025440695,0.001203779,1.520905375,0.003422762,0.003303238,37.48247528,42.56388855,,,,
31400,0.005835502,0.001114283,1.420658588,0.196213901,0.200295299,34.39942932,35.17002106,,,,
31500,0.044316806,0.00104338,1.316858292,7.57E-05,7.36E-05,25.06620407,33.92941666,,,,
31600,0.053064626,0.001148544,1.292643785,1.33E-05,1.33E-05,34.49794006,45.11083984,,,,
31700,0.018185513,0.001114289,1.435858011,0.014112578,0.014049998,19.66725159,23.27619171,,,,
31800,0.075092062,0.000929284,1.413586378,1.56E-07,1.68E-07,10.71942329,25.73783684,,,,
31900,0.03199286,0.000896374,1.27523756,0.000875566,0.000881166,39.4234581,45.82027435,,,,
32000,0.015831966,0.001026741,1.317967772,0.023092372,0.023041895,18.07519531,21.19545364,,,,
32100,0.035152666,0.000895389,1.286293268,0.0004635,0.000466198,28.83237267,35.86197662,,,,
32200,0.026557844,0.000871455,1.225802898,0.002677314,0.002641771,30.81604195,36.12229156,,,,
32300,0.026165441,0.001059244,1.370027304,0.002905688,0.00288262,45.1219101,50.34921265,,,,
32400,0.044807717,0.000911227,1.281976223,7.36E-05,7.01E-05,14.90005112,23.8614521,,,,
32500,0.028158702,0.001126878,1.380645037,0.001872717,0.001931853,31.55801582,37.18595123,,,,
32600,0.051384922,0.000864927,1.143808961,1.92E-05,1.81E-05,-19.11330414,-8.836357117,,,,
32700,0.015050035,0.00093426,1.338716626,0.030201003,0.027285732,0.626226664,3.578746796,,,,
32800,0.016435597,0.001167382,1.562890053,0.020041633,0.020319132,10.83164597,14.07840538,,,,
32900,0.044130065,0.001034511,1.270570397,8.02E-05,8.14E-05,19.20804214,28.03389359,,,,
33000,0.024584044,0.0010971,1.421016693,0.00408548,0.003968805,15.38612556,20.29487991,,,,
33100,0.017080937,0.001000492,1.340940952,0.02143418,0.018841693,25.12047958,28.4963913,,,,
33200,0.096672021,0.001017174,1.312215447,0,0,24.76673508,44.10113907,,,,
33300,0.045515351,0.001081529,1.441213369,6.33E-05,5.82E-05,43.65905762,52.76200867,,,,
33400,0.064685643,0.000989033,1.296974659,1.29E-06,1.30E-06,17.02268982,29.95981789,,,,
33500,0.062739044,0.001260726,1.477261305,1.94E-06,1.98E-06,19.17161369,31.71941948,,,,
33600,0.016531989,0.00102213,1.40057683,0.019731909,0.020383492,11.07496929,14.34125137,,,,
33700,0.028091319,0.001014222,1.382889628,0.001958735,0.001977837,26.08021355,31.69454002,,,,
33800,0.025111981,0.000954776,1.26189971,0.003448468,0.003362753,2.574633598,7.590218544,,,,
33900,0.031049902,0.001020748,1.490423799,0.001196745,0.001050603,42.49423218,48.70196533,,,,
34000,0.058841802,0.001085535,1.404270649,4.25E-06,4.15E-06,32.45812988,44.22648239,,,,
34100,0.049984686,0.001152159,1.511377692,2.62E-05,2.54E-05,25.0520668,35.04895401,,,,
34200,0.047659941,0.001136913,1.434385419,3.90E-05,4.02E-05,3.225517988,12.75742626,,,,
34300,0.064971551,0.001067277,1.400360346,1.21E-06,1.21E-06,-1.675880313,11.31842804,,,,
34400,0.054059204,0.0010686,1.391323447,1.09E-05,1.18E-05,1.401444077,12.21326256,,,,
34500,0.030583046,0.001182443,1.452538252,0.001177524,0.001323615,0.549759388,6.66386795,,,,
34600,0.057242468,0.000922045,1.218028903,5.73E-06,6.65E-06,-21.40338135,-9.954899788,,,,
34700,0.009163372,0.001084218,1.491792798,0.099499017,0.096586838,5.379436016,7.01602459,,,,
34800,0.059359644,0.000997499,1.2690835,3.84E-06,3.75E-06,17.66159248,29.53351402,,,,
34900,0.030248579,0.001076506,1.43146193,0.001288681,0.001288297,22.49336624,28.54050446,,,,
35000,0.055143811,0.001072214,1.302737713,8.84E-06,9.16E-06,17.09110832,28.11985397,,,,
35100,0.025440358,0.000997711,1.413343191,0.003268982,0.00340198,30.18867302,35.27007294,,,,
35200,0.066780537,0.001057022,1.439349771,8.31E-07,8.38E-07,13.48490715,26.84101486,,,,
35300,0.045646533,0.000962182,1.22328496,5.97E-05,5.91E-05,-5.788661957,3.34052515,,,,
35400,0.0425754,0.000839277,1.303914666,0.000110899,0.000113002,-17.56342697,-9.048570633,,,,
35500,0.050547596,0.001090671,1.460303307,2.29E-05,2.15E-05,-6.969670296,3.13980484,,,,
35600,0.031461697,0.001108921,1.298821568,0.000988621,0.000977255,6.476483345,12.76685715,,,,
35700,0.061967961,0.001152955,1.391386986,2.37E-06,2.23E-06,2.402350664,14.79593849,,,,
35800,0.080732979,0.001006146,1.357329488,5.96E-08,5.59E-08,25.78800392,41.93460083,,,,
35900,0.05570345,0.000949906,1.353163362,8.08E-06,7.52E-06,-8.078872681,3.061802387,,,,
36000,0.028319096,0.001013205,1.270222425,0.00188266,0.001802587,9.93157959,15.59171391,,,,
36100,0.063473225,0.000995844,1.328616619,1.80E-06,1.67E-06,9.398879051,22.09351921,,,,
36200,0.044912249,0.001199731,1.549578905,7.01E-05,7.09E-05,-6.804251671,2.178056717,,,,
36300,0.05492615,0.001102482,1.352427721,9.94E-06,9.07E-06,11.0405035,22.02571487,,,,
36400,0.054164983,0.00095264,1.419974089,1.13E-05,1.03E-05,21.12005615,31.95303154,,,,
36500,0.051572748,0.000987883,1.338617325,1.96E-05,1.75E-05,-9.402646065,0.911866128,,,,
36600,0.043065343,0.001225509,1.555357456,0.000100158,9.70E-05,-2.825354338,5.787517548,,,,
36700,0.018623155,0.001028945,1.34765172,0.016667418,0.013757066,-0.532693326,3.16151309,,,,
36800,0.015052587,0.001137827,1.395978928,0.02929309,0.026158478,4.525561333,7.48062706,,,,
36900,0.032566033,0.001082232,1.379495859,0.000805927,0.00080495,12.05871773,18.5703125,,,,
37000,0.03487549,0.00108393,1.35492456,0.000512188,0.000567796,-8.97692585,-2.002907753,,,,
37100,0.024511144,0.00098786,1.321164608,0.0038354,0.003941167,10.87158489,15.76603699,,,,
37200,0.019714069,0.001109445,1.311865568,0.010540105,0.01009263,14.72838402,18.6505661,,,,
37300,0.038234182,0.001138089,1.349535704,0.000256442,0.000249482,29.18861771,36.83494949,,,,
37400,0.044306986,0.001044943,1.47992754,7.62E-05,7.26E-05,19.01544571,27.87669373,,,,
37500,0.01363397,0.001100727,1.43321228,0.038603619,0.036462165,2.146242619,4.797970772,,,,
37600,0.013639219,0.001063948,1.345868587,0.043433733,0.038477626,28.14141846,30.78735161,,,,
37700,0.060517706,0.001014271,1.388145685,2.89E-06,3.20E-06,16.11442566,28.21796036,,,,
37800,0.035306636,0.001010183,1.363613129,0.000466398,0.000466082,-9.904350281,-2.84395504,,,,
37900,0.028355453,0.001113286,1.481579661,0.001850965,0.001901586,9.273641586,14.94097996,,,,
38000,0.111738764,0.0012805,1.501587629,0,0,12.8068943,35.15464783,,,,
38100,0.062877759,0.001127117,1.427399397,1.87E-06,1.88E-06,5.829744339,18.40529251,,,,
38200,0.024538279,0.001116389,1.434443712,0.003911117,0.003937512,35.37952042,40.27932739,,,,
38300,0.074008837,0.001041868,1.297521353,1.94E-07,2.05E-07,27.96315575,42.7649231,,,,
38400,0.051374383,0.001108742,1.461310029,1.88E-05,1.85E-05,29.57601357,39.85085297,,,,
38500,0.044819526,0.000998502,1.500534296,7.12E-05,6.69E-05,37.37919617,46.34296417,,,,
38600,0.046361379,0.000867691,1.358802319,5.25E-05,4.88E-05,-2.760093451,6.5120821,,,,
