,Loc ID,Accuracy,n_in,n_out,n_gt
0,9061200_5690800,0.0,0,0,1
1,8493200_5774800,0.0673076923076923,7,97,567
2,9377200_5525600,0.5,1,1,11
3,9298000_5556400,0.0,0,1,17
4,8492000_5775200,0.0,0,2,11
5,9366400_5525600,0.20408163265306123,10,39,46
6,8496000_5773200,0.18627450980392157,19,83,228
7,8953200_5840800,0.09090909090909091,6,60,365
8,9146800_5818800,0.1346153846153846,7,45,259
9,8590800_5530000,0.0,0,0,378
10,8814400_5994000,0.047619047619047616,2,40,105
11,8494000_5768000,0.2018348623853211,22,87,378
12,9054800_5682800,0.0,0,4,50
13,9067600_5682800,0.0,0,3,31
14,8586800_5536800,0.08256880733944955,9,100,474
15,8593200_5631200,0.11320754716981132,6,47,189
16,8290000_5496800,0.2894736842105263,22,54,88
17,9278000_5863200,0.12345679012345678,10,71,218
18,8333600_5491200,0.17647058823529413,3,14,10
19,8827600_5994800,0.12,3,22,17
20,8582800_5540400,0.0,0,7,91
21,8494400_5774400,0.13761467889908258,15,94,519
22,9364400_5522400,0.20689655172413793,6,23,32
23,8289600_5496800,0.17894736842105263,17,78,101
24,8287600_5498800,0.15384615384615385,12,66,435
25,8289200_5493200,0.16071428571428573,9,47,29
26,9067600_5680800,0.08,4,46,156
27,9153600_5814400,0.0,0,18,110
28,9071200_5683200,0.0,0,0,130
29,9062000_5686400,0.18867924528301888,10,43,70
30,8590000_5537600,0.043478260869565216,1,22,76
31,9057200_5688800,0.1,2,18,155
32,9268800_5668000,0.0,0,1,2
33,9066400_5686400,0.125,2,14,86
34,8290400_5494800,0.037037037037037035,3,78,344
35,8494800_5772800,0.2692307692307692,28,76,282
36,9066000_5677200,0.2222222222222222,2,7,44
37,9064000_5680400,0.3235294117647059,11,23,77
38,9057600_5682800,0.21875,7,25,132
39,9302400_5561200,0.14634146341463414,6,35,310
40,8336800_5492800,0.02857142857142857,3,102,11
41,9067200_5687600,0.0,0,0,32
42,8507200_5767200,0.0625,2,30,112
43,8494000_5774800,0.1,8,72,561
44,9064800_5678000,0.6666666666666666,4,2,18
45,8492000_5768000,0.13793103448275862,12,75,104
46,9054400_5684000,0.25806451612903225,8,23,12
47,9602400_6072800,0.07142857142857142,4,52,88
48,8338400_5491600,0.20588235294117646,7,27,1
49,9363600_5529200,0.18181818181818182,14,63,379
50,8590000_5540800,0.1566265060240964,13,70,486
51,8820800_5995200,0.0,0,2,8
52,9068400_5685600,0.0,0,0,13
53,9070800_5689600,0.0,0,7,35
54,8491200_5776400,0.0,0,0,4
55,9273600_5872000,0.0,0,0,67
56,9145600_5821600,0.0,0,0,94
57,9157600_5814000,0.13636363636363635,3,19,217
58,8826400_5996000,0.0,0,1,34
59,9154400_5812000,0.07142857142857142,2,26,228
60,8493600_5768400,0.15151515151515152,15,84,187
61,9147600_5814800,0.0,0,4,119
62,9065600_5680400,0.07142857142857142,2,26,67
63,9150400_5820000,0.14925373134328357,10,57,116
64,8369200_5550400,0.03488372093023256,3,83,32
65,8495600_5780400,0.05970149253731343,4,63,227
66,9062000_5682800,0.32142857142857145,18,38,89
67,8491200_5772000,0.10606060606060606,7,59,374
68,9068000_5683200,0.07692307692307693,1,12,103
69,8812400_5993200,0.8,4,1,9
70,9063200_5680400,0.16279069767441862,7,36,70
71,9059200_5691600,0.0975609756097561,4,37,277
72,8332800_5494000,0.0,0,10,174
73,8490400_5775600,0.14666666666666667,11,64,374
74,9067600_5688400,0.0,0,0,4
75,9066800_5684000,0.0,0,1,7
76,8334800_5494800,0.0,0,2,1
77,8492800_5776800,0.13978494623655913,13,80,292
78,8371200_5550800,0.0,0,22,1
79,9370800_5522800,0.12,9,66,119
80,8290000_5498000,0.08771929824561403,5,52,264
81,9054400_5681200,0.0,0,6,54
82,8287600_5497200,0.13333333333333333,8,52,337
83,9154800_5812000,0.05084745762711865,3,56,481
84,9368000_5530000,0.08064516129032258,5,57,107
85,9378800_5528400,0.0,0,12,41
86,9372000_5528800,0.15,3,17,112
87,8818000_5996000,0.13043478260869565,6,40,146
88,9061600_5680400,0.047619047619047616,2,40,181
89,8491200_5768400,0.19696969696969696,13,53,51
90,8591600_5541200,0.2465753424657534,18,55,324
91,8492400_5768400,0.1595744680851064,15,79,173
92,8337600_5491600,0.04878048780487805,2,39,10
93,8953600_5840000,0.16666666666666666,2,10,53
94,9602400_6071200,0.0425531914893617,4,90,171
95,8336800_5494400,0.0,0,37,50
96,9150000_5816800,0.0,0,0,273
97,8369600_5550800,0.05405405405405406,2,35,40
98,9063600_5690400,0.2222222222222222,8,28,22
99,9072000_5681600,0.0,0,1,14
100,9072400_5682000,0.046875,3,61,327
101,9285200_5870800,0.0,0,0,167
102,9064400_5682000,0.273972602739726,20,53,95
103,9156800_5812800,0.0,0,1,5
104,9158400_5819600,0.0,0,0,70
105,9272800_5675600,0.06666666666666667,2,28,192
106,9299200_5558800,0.09090909090909091,1,10,90
107,9146000_5816400,0.0,0,18,285
108,8368000_5550800,0.0,0,27,7
109,8337200_5490800,0.08333333333333333,2,22,12
110,9369200_5528400,0.09375,3,29,60
111,9062800_5678800,0.0,0,0,5
112,8369600_5549200,0.0,0,24,12
113,9366400_5522000,0.38461538461538464,15,24,33
114,9374000_5521200,0.024390243902439025,1,40,175
115,8333200_5493200,0.07142857142857142,1,13,10
116,9265600_5670000,0.037037037037037035,1,26,310
117,8336000_5491200,0.14705882352941177,5,29,163
118,9294800_5562800,0.022727272727272728,1,43,363
119,8495600_5778800,0.1686746987951807,14,69,387
120,9364000_5521600,0.40625,13,19,13
121,9153200_5816800,0.38524590163934425,47,75,59
122,8600000_5537200,0.2169811320754717,23,83,370
123,9066000_5686400,0.0,0,5,45
124,9054800_5686400,0.0,0,4,11
125,8489200_5771600,0.0,0,2,12
126,8492000_5771600,0.2653061224489796,13,36,212
127,8490800_5776000,0.05263157894736842,1,18,215
128,8816800_5993200,0.17391304347826086,4,19,119
129,9063200_5677600,0.125,3,21,121
130,8503600_5771600,0.09900990099009901,10,91,577
131,9064400_5679600,0.2894736842105263,11,27,51
132,8490400_5768800,0.18947368421052632,18,77,229
133,9299600_5562400,0.0,0,12,1
134,8493600_5774800,0.08411214953271028,9,98,546
135,8289200_5496000,0.09523809523809523,8,76,101
136,8507600_5763200,0.0625,2,30,117
137,9610400_6072000,0.0,0,0,19
138,9299200_5561200,0.4166666666666667,20,28,6
139,8370000_5549200,0.05555555555555555,2,34,12
140,9065200_5684800,0.15384615384615385,2,11,33
141,9066400_5682800,0.14285714285714285,4,24,129
142,9148400_5814800,0.07407407407407407,4,50,217
143,8337600_5493200,0.0,0,20,16
144,8495200_5770800,0.504,63,62,477
145,9149600_5820000,0.0,0,9,437
146,8494800_5780000,0.17105263157894737,13,63,380
147,8496800_5764400,0.18867924528301888,10,43,430
148,8587200_5539600,0.18584070796460178,21,92,395
149,8287200_5497600,0.08571428571428572,3,32,355
150,9291600_5556800,0.05,3,57,97
151,8815200_5996000,0.08108108108108109,3,34,126
152,8820400_5991200,0.10256410256410256,4,35,284
153,9062400_5680400,0.24444444444444444,11,34,93
154,9151600_5817600,0.48299319727891155,71,76,343
155,8290800_5496000,0.12307692307692308,8,57,135
156,8491600_5769600,0.0859375,11,117,409
157,8288400_5498400,0.1728395061728395,14,67,302
158,9153600_5820400,0.09302325581395349,8,78,218
159,8500400_5769600,0.17857142857142858,25,115,328
160,8287600_5498400,0.017857142857142856,1,55,239
161,8491600_5772000,0.15384615384615385,12,66,284
162,9376800_5526800,0.0,0,5,20
163,8505200_5766800,0.1282051282051282,5,34,795
164,9267200_5672800,0.0,0,4,20
165,8368000_5549200,0.1,5,45,171
166,8592400_5536400,0.0,0,8,156
167,8584400_5542000,0.18435754189944134,33,146,417
168,8814800_5995600,0.2571428571428571,18,52,99
169,9298800_5553600,0.0,0,3,27
170,9065200_5688000,0.17857142857142858,5,23,121
171,9054800_5682000,0.3333333333333333,1,2,37
172,9145200_5819200,0.0,0,6,106
173,8493600_5767200,0.08695652173913043,12,126,599
174,9364400_5517200,0.1076923076923077,7,58,90
175,8496400_5769200,0.32608695652173914,45,93,479
176,9266000_5671600,0.0,0,19,222
177,8499200_5768400,0.18811881188118812,19,82,51
178,9378000_5522800,0.0,0,8,34
179,8495200_5774800,0.09090909090909091,8,80,222
180,9290800_5555600,0.06666666666666667,1,14,115
181,9372800_5529200,0.18518518518518517,5,22,64
182,9061200_5685600,0.3037974683544304,24,55,130
183,8336000_5495600,0.0,0,19,4
184,9280000_5869200,0.0,0,1,71
185,8336400_5490800,0.23076923076923078,3,10,16
186,8494800_5772400,0.3728813559322034,44,74,306
187,9062800_5686400,0.2465753424657534,18,55,157
188,9064800_5683200,0.11627906976744186,5,38,156
189,8589600_5631200,0.2,12,48,183
190,8368000_5548400,0.0,0,23,3
191,9063600_5686400,0.08,2,23,147
192,9067600_5678800,0.0625,1,15,119
193,9062400_5691200,0.0,0,0,246
194,9065600_5680000,0.0,0,0,1
195,9279600_5865600,0.20253164556962025,16,63,162
196,9060400_5682000,0.0,0,7,14
197,9298000_5559600,0.25,15,45,162
198,9275600_5672000,0.16071428571428573,9,47,22
199,9603200_6072000,0.16666666666666666,11,55,233
200,9150000_5819200,0.3333333333333333,2,4,227
201,8587600_5546000,0.15384615384615385,2,11,66
202,9273600_5666400,0.0,0,12,24
203,9146800_5822400,0.09230769230769231,6,59,305
204,9283600_5871600,0.0,0,130,13
205,9301600_5562400,0.0,0,14,68
206,9152800_5812800,0.24,24,76,104
207,9070800_5687600,0.0,0,0,96
208,8508000_5770800,0.047619047619047616,3,60,533
209,9057200_5687600,0.058823529411764705,1,16,161
210,9274800_5668400,0.03571428571428571,1,27,84
211,8590800_5628400,0.2709677419354839,42,113,245
212,8494000_5775600,0.12,12,88,335
213,9068000_5678400,0.2916666666666667,7,17,99
214,9066400_5680400,0.06060606060606061,2,31,143
215,8334400_5492800,0.0,0,36,3
216,8488800_5771200,0.17142857142857143,6,29,228
217,8596000_5538000,0.0,0,0,6
218,8491200_5768800,0.12087912087912088,11,80,343
219,9299600_5556000,0.0,0,3,136
220,8493200_5767600,0.1267605633802817,18,124,633
221,9148400_5820000,0.0,0,5,237
222,8367600_5549200,0.0,0,65,12
223,9145200_5818800,0.25,1,3,580
224,8334000_5494800,0.05555555555555555,1,17,6
225,9155200_5814000,0.11594202898550725,8,61,74
226,8289600_5498800,0.08108108108108109,3,34,227
227,8490000_5774000,0.07692307692307693,1,12,73
228,8498800_5765600,0.07575757575757576,5,61,316
229,9150800_5820400,0.125,8,56,437
230,8954400_5842000,0.22857142857142856,8,27,123
231,9366800_5527200,0.20689655172413793,12,46,80
232,8590400_5538000,0.11940298507462686,8,59,158
233,9068400_5681600,0.1111111111111111,4,32,131
234,8493200_5769200,0.225,27,93,99
235,9362400_5520400,0.0,0,1,15
236,9060000_5679600,0.0,0,1,21
237,8492400_5772400,0.1686746987951807,14,69,252
238,8336400_5492000,0.09803921568627451,5,46,80
239,9153200_5818800,0.21052631578947367,8,30,78
240,9059600_5686400,0.09090909090909091,2,20,133
241,8491600_5775600,0.0,0,0,3
242,8491200_5771600,1.0,1,0,18
243,8589200_5533200,0.07142857142857142,1,13,48
244,8289200_5497200,0.23148148148148148,25,83,82
245,9270800_5667600,0.07692307692307693,3,36,77
246,8590400_5535200,0.24358974358974358,38,118,264
247,8588400_5627600,0.07692307692307693,2,24,102
248,9057600_5684000,0.06666666666666667,1,14,122
249,8337200_5492400,0.1044776119402985,7,60,83
250,9149600_5815200,0.06382978723404255,3,44,135
251,8509200_5765200,0.10714285714285714,6,50,595
252,9063600_5682800,0.10526315789473684,4,34,117
253,9296400_5558800,0.14492753623188406,10,59,159
254,9277600_5860000,0.0,0,0,17
255,8865200_5686400,0.023255813953488372,3,126,51
256,9601200_6071600,0.12949640287769784,18,121,207
257,9149600_5816800,0.3153846153846154,41,89,192
258,9062800_5688400,0.0,0,13,78
259,8493200_5777200,0.20481927710843373,17,66,78
260,9147200_5816800,0.12121212121212122,4,29,260
261,9365200_5528800,0.0,0,0,15
262,9283200_5867600,0.02702702702702703,1,36,12
263,9152000_5810400,0.0625,1,15,23
264,8593600_5530800,0.07407407407407407,4,50,464
265,9055600_5687600,0.26666666666666666,4,11,56
266,9067200_5681600,0.11764705882352941,6,45,260
267,9153600_5816400,0.0,0,1,3
268,8491200_5769600,0.14583333333333334,21,123,385
269,9280400_5674400,0.0,0,11,75
270,9067200_5679200,0.0,0,4,4
271,9159200_5816400,0.10344827586206896,3,26,262
272,9154800_5815200,0.16129032258064516,10,52,323
273,9364000_5516000,0.11363636363636363,5,39,56
274,9276800_5870400,0.015873015873015872,1,62,35
275,9372400_5526800,0.0,0,0,232
276,8507600_5772400,0.0851063829787234,8,86,475
277,9065200_5682000,0.17391304347826086,8,38,109
278,8335600_5496000,0.0,0,12,2
279,8288400_5496000,0.1,10,90,397
280,8338000_5493600,0.23809523809523808,10,32,16
281,9064000_5680000,0.21739130434782608,5,18,14
282,8367600_5548000,0.0,0,54,2
283,9269600_5672400,0.14285714285714285,1,6,127
284,8334800_5492400,0.058823529411764705,3,48,37
285,9364400_5525200,0.0,0,7,21
286,8814800_5992400,0.0,0,49,41
287,9376800_5528800,0.21621621621621623,8,29,127
288,9066400_5685600,0.425,17,23,59
289,9062000_5679600,0.1724137931034483,10,48,299
290,9274800_5862800,0.08,6,69,320
291,8490000_5772800,0.18181818181818182,12,54,375
292,8491200_5771200,0.13580246913580246,11,70,211
293,9272000_5676400,0.05263157894736842,1,18,147
294,9268000_5670000,0.12244897959183673,6,43,63
295,8596000_5534000,0.5454545454545454,18,15,147
296,9600000_6072400,0.264,33,92,64
297,8334000_5492400,0.08695652173913043,2,21,8
298,8291600_5496800,0.09523809523809523,8,76,97
299,9067600_5682000,0.16129032258064516,5,26,60
300,9066400_5678400,0.0,0,9,37
301,9276000_5676000,0.0,0,4,5
302,8590400_5632800,0.05555555555555555,1,17,214
303,8953600_5841600,0.1724137931034483,15,72,227
304,9057600_5686400,0.34615384615384615,9,17,17
305,9066800_5680000,0.13793103448275862,4,25,122
306,8488800_5772000,0.038461538461538464,1,25,142
307,9294000_5554000,0.0,0,3,15
308,9370800_5526000,0.0,0,7,30
309,9153200_5819600,0.28,35,90,141
310,8825600_5991200,0.23529411764705882,8,26,63
311,9062400_5684000,0.43333333333333335,13,17,73
312,9070000_5689600,0.0,0,0,147
313,8495200_5773200,0.24509803921568626,25,77,337
314,9154800_5818400,0.0,0,3,39
315,8492400_5774400,0.08333333333333333,8,88,365
316,9373600_5521600,0.5,1,1,8
317,8334800_5496800,0.0,0,12,6
318,8337600_5490800,0.0,0,21,15
319,9147600_5818400,0.12857142857142856,9,61,170
320,8368000_5548800,0.0,0,27,6
321,9064400_5680400,0.13636363636363635,3,19,51
322,8370400_5548000,0.0,0,1,21
323,8494000_5774000,0.27,27,73,313
324,9598800_6072800,0.03571428571428571,1,27,36
325,9158800_5812800,0.0,0,3,35
326,9292800_5563600,0.06666666666666667,1,14,83
327,9158000_5816400,0.25,2,6,5
328,9280000_5864000,0.03125,1,31,22
329,8338400_5492800,0.0,0,10,3
330,9363600_5524800,0.0,0,27,26
331,8597200_5538800,0.09448818897637795,12,115,353
332,9270800_5673600,0.0,0,4,31
333,8501200_5767200,0.07526881720430108,7,86,312
334,9362800_5521200,0.0,0,3,10
335,9281200_5674000,0.046511627906976744,2,41,190
336,9602800_6072400,0.10344827586206896,9,78,169
337,8582400_5539200,0.0,0,2,33
338,8493200_5774400,0.21052631578947367,20,75,322
339,8493600_5776000,0.07692307692307693,3,36,329
340,8596800_5537200,0.07692307692307693,4,48,94
341,8336000_5490800,0.125,1,7,65
342,9062000_5690800,0.0,0,4,16
343,8493200_5772400,0.16,12,63,241
344,8489600_5773200,0.0,0,4,16
345,9275600_5864400,0.19469026548672566,22,91,159
346,9060800_5680000,0.13333333333333333,2,13,73
347,9375200_5530000,0.1,1,9,27
348,8287600_5499200,0.15151515151515152,5,28,168
349,9066400_5678800,0.0,0,0,172
350,8291600_5496400,0.15833333333333333,19,101,32
351,9371200_5529200,0.125,2,14,45
352,9071200_5684800,0.0,0,6,42
353,8368400_5550400,0.0,0,83,28
354,9275600_5674800,0.0,0,8,46
355,8827200_5994800,0.391304347826087,9,14,20
356,9156400_5814000,0.16666666666666666,4,20,15
357,8862400_5687600,0.0,0,0,12
358,9300400_5558800,0.03333333333333333,1,29,139
359,8492800_5772400,0.2247191011235955,20,69,286
360,9144800_5822400,0.0,0,6,108
361,9065600_5682400,0.25,4,12,75
362,8826800_5995200,0.16666666666666666,1,5,8
363,8290800_5497200,0.09523809523809523,6,57,332
364,9280000_5676000,0.0,0,5,72
365,9060000_5682000,0.15789473684210525,3,16,47
366,8291600_5495600,0.0379746835443038,3,76,266
367,8591600_5533200,0.05263157894736842,1,18,155
368,8508400_5762400,0.0,0,0,206
369,8814000_5994000,0.08333333333333333,2,22,87
370,8492800_5775200,0.17647058823529413,15,70,502
371,8367200_5550400,0.03125,1,31,3
372,8366800_5549200,0.011904761904761904,1,83,4
373,9062000_5685600,0.19148936170212766,9,38,130
374,9280000_5672800,0.1,10,90,176
375,8829200_5991600,0.0,0,6,7
376,9280000_5872000,0.0,0,42,2
377,8593200_5633600,0.0,0,0,35
378,9374800_5528400,0.047619047619047616,1,20,142
379,9282400_5872800,0.0,0,95,14
380,8816000_5990400,0.16666666666666666,20,100,276
381,9150400_5812800,0.16666666666666666,1,5,54
382,9159600_5820000,0.0,0,0,438
383,9273200_5666000,0.0,0,8,1
384,9154800_5822400,0.07142857142857142,2,26,43
385,9607200_6073200,0.16901408450704225,12,59,86
386,9299200_5556000,0.0,0,1,4
387,9149200_5820400,0.0,0,1,374
388,9154800_5811200,0.06493506493506493,5,72,526
389,8595600_5533600,0.0,0,3,11
390,9069200_5688800,0.08,2,23,132
391,8495200_5768400,0.16326530612244897,8,41,87
392,8495600_5766000,0.1891891891891892,7,30,94
393,9270400_5668800,0.13953488372093023,6,37,130
394,9060000_5682400,0.029411764705882353,1,33,150
395,9602800_6069200,0.049586776859504134,6,115,40
396,8495200_5769600,0.3333333333333333,30,60,287
397,9055600_5682800,0.0,0,1,27
398,8830400_5992400,0.0,0,9,7
399,8489200_5774400,0.0625,1,15,37
400,8336400_5492400,0.323943661971831,23,48,65
401,9066800_5682000,0.07142857142857142,3,39,169
402,9064800_5682000,0.14285714285714285,8,48,110
403,9372800_5522000,0.14814814814814814,4,23,108
404,8494800_5773600,0.16541353383458646,22,111,193
405,9370000_5517600,0.11627906976744186,5,38,93
406,8584800_5544800,0.19148936170212766,27,114,506
407,9270000_5669600,0.0,0,7,9
408,9068000_5679200,0.07142857142857142,2,26,219
409,8815600_5995200,0.16666666666666666,15,75,73
410,8334000_5491200,0.0625,2,30,8
411,9274800_5865600,0.2109375,27,101,221
412,9063600_5682400,0.20588235294117646,7,27,90
413,9057200_5684000,0.14285714285714285,1,6,70
414,9266800_5673200,0.0,0,0,14
415,9063600_5679600,0.0,0,7,41
416,9275200_5676800,0.0,0,0,126
417,9267200_5668400,0.0,0,6,7
418,8494800_5779600,0.20930232558139536,9,34,94
419,9144800_5822000,0.125,1,7,25
420,8290400_5496800,0.07462686567164178,5,62,226
421,8338800_5492800,0.0,0,12,10
422,9064000_5684000,0.16666666666666666,5,25,125
423,9156400_5816000,0.18518518518518517,10,44,125
424,9065600_5684800,0.4230769230769231,33,45,56
425,9367600_5529600,0.3333333333333333,1,2,7
426,8495200_5778000,0.18181818181818182,2,9,17
427,9064000_5683200,0.1,6,54,85
428,9153600_5811200,0.1111111111111111,8,64,144
429,8504000_5770000,0.14893617021276595,14,80,169
430,9154400_5819600,0.10619469026548672,12,101,742
431,8594800_5630400,0.23214285714285715,13,43,208
432,9272800_5865200,0.0,0,10,114
433,9294000_5564800,0.12195121951219512,5,36,153
434,8814400_5991200,0.13114754098360656,8,53,118
435,8591200_5632800,0.0,0,22,184
436,9060400_5682800,0.06666666666666667,1,14,20
437,8820000_5997200,0.19402985074626866,13,54,205
438,8496000_5775600,0.13157894736842105,10,66,217
439,9157600_5815200,0.08333333333333333,2,22,304
440,9068000_5687600,0.0,0,0,1
441,9068400_5679600,0.0,0,0,5
442,8494400_5775200,0.11851851851851852,16,119,778
443,8495200_5772000,0.2540983606557377,31,91,378
444,9270800_5675600,0.0,0,11,155
445,9370000_5522400,0.09523809523809523,6,57,57
446,8583600_5537600,0.0,0,2,5
447,9293200_5560800,0.047619047619047616,2,40,116
448,9071200_5682400,0.0,0,9,104
449,9067200_5680400,0.23076923076923078,3,10,86
450,9149600_5815600,0.23076923076923078,12,40,203
451,9364000_5516400,0.12121212121212122,4,29,59
452,8506400_5766800,0.047619047619047616,5,100,748
453,9067600_5684800,0.0,0,0,2
454,8593600_5631200,0.18032786885245902,11,50,297
455,9061600_5690800,0.0,0,16,95
456,9054000_5685600,0.4411764705882353,15,19,63
457,9062800_5678400,0.0,0,0,1
458,9601200_6069200,0.1308411214953271,14,93,277
459,9066000_5680000,0.29411764705882354,10,24,88
460,8494800_5776800,0.10989010989010989,10,81,383
461,8494000_5776400,0.11818181818181818,13,97,441
462,8582800_5542400,0.37272727272727274,41,69,154
463,9302800_5562000,0.0,0,1,46
464,8491200_5768000,0.1724137931034483,5,24,105
465,9273200_5673600,0.1044776119402985,7,60,133
466,9151200_5812400,0.1935483870967742,6,25,266
467,8490400_5775200,0.01694915254237288,1,58,320
468,9059600_5689600,0.09090909090909091,1,10,65
469,8496000_5778000,0.14754098360655737,9,52,301
470,8820800_5990800,0.0,0,2,74
471,8335200_5491200,0.09090909090909091,2,20,21
472,8827600_5995200,0.10256410256410256,4,35,75
473,8494000_5766800,0.11904761904761904,15,111,717
474,8334400_5494400,0.18181818181818182,2,9,4
475,9368800_5518000,0.0,0,19,126
476,9361200_5525600,0.1,1,9,17
477,9276400_5664800,0.043478260869565216,1,22,243
478,9365600_5528800,0.3333333333333333,3,6,2
479,8500000_5770800,0.2953020134228188,44,105,374
480,8335600_5490400,0.0,0,4,11
481,9056000_5686400,0.18181818181818182,4,18,44
482,8495200_5771200,0.25,17,51,221
483,9279600_5873200,0.0,0,21,1
484,9060800_5678400,0.0,0,11,32
485,8291600_5499200,0.13793103448275862,8,50,236
486,8366000_5547600,0.25925925925925924,21,60,45
487,8504800_5768000,0.08333333333333333,8,88,579
488,9067600_5685600,0.0,0,8,60
489,9609200_6074400,0.0,0,9,76
490,8591200_5538800,0.4,6,9,9
491,9062800_5684000,0.045454545454545456,1,21,95
492,9069200_5682400,0.2,7,28,187
493,9154400_5811200,0.04878048780487805,2,39,66
494,9368400_5524000,0.16666666666666666,6,30,50
495,9278800_5861600,0.0,0,11,347
496,9062000_5683600,0.26865671641791045,18,49,162
497,9272800_5669200,0.14814814814814814,4,23,41
498,9362000_5521200,0.0,0,0,263
499,9067200_5686400,0.24074074074074073,13,41,191
500,9295600_5561200,0.14634146341463414,12,70,146
501,8286800_5495600,0.1111111111111111,4,32,204
502,9058800_5688400,0.0,0,0,2
503,9061200_5689200,0.0,0,8,21
504,9062800_5679200,0.08,2,23,186
505,9298800_5560400,0.041666666666666664,1,23,22
506,9066000_5688400,0.0,0,3,9
507,9362800_5524000,0.034482758620689655,1,28,76
508,8587200_5541200,0.6341463414634146,52,30,74
509,8495200_5776000,0.08536585365853659,7,75,202
510,9061600_5680800,0.045454545454545456,2,42,205
511,8496800_5774800,0.11392405063291139,9,70,163
512,8821200_5991600,0.16,4,21,161
513,9295200_5558800,0.3082191780821918,45,101,133
514,9145600_5819600,0.0,0,1,4
515,9060800_5682400,0.26666666666666666,8,22,106
516,9064400_5683600,0.08695652173913043,4,42,221
517,9281200_5871600,0.06451612903225806,2,29,14
518,8827200_5992800,0.125,2,14,55
519,8367200_5548800,0.0,0,56,6
520,8289600_5494800,0.11842105263157894,9,67,288
521,9060800_5687600,0.1794871794871795,7,32,88
522,9060400_5684800,0.24489795918367346,12,37,143
523,9148000_5814800,0.08,2,23,211
524,9277200_5872400,0.03529411764705882,3,82,92
525,8494000_5771600,0.09523809523809523,6,57,180
526,9277600_5672800,0.0,0,5,13
527,9283200_5865600,0.07317073170731707,6,76,135
528,8822800_5995600,0.3888888888888889,7,11,43
529,9063200_5679600,0.21739130434782608,5,18,141
530,9372800_5526800,0.05555555555555555,1,17,106
531,9063200_5685600,0.25,5,15,89
532,8493200_5772000,0.0,0,7,8
533,9062800_5684800,0.17073170731707318,7,34,57
534,9058400_5688000,0.0,0,0,1
535,8337200_5493200,0.05357142857142857,6,106,51
536,9281600_5869200,0.1694915254237288,10,49,58
537,8826400_5991600,0.0,0,13,99
538,9278800_5872000,0.0,0,29,3
539,8335200_5494000,0.0,0,43,67
540,8288400_5495600,0.0,0,18,68
541,9292800_5558800,0.0,0,11,39
542,9064800_5688800,0.13725490196078433,7,44,223
543,8593200_5538400,0.2536231884057971,35,103,415
544,9143600_5820400,0.0,0,0,143
545,9071600_5682400,0.08163265306122448,4,45,301
546,8951600_5842800,0.13636363636363635,6,38,141
547,9152400_5817200,0.4085106382978723,96,139,298
548,9063200_5690000,0.05555555555555555,2,34,45
549,8863600_5686400,0.09090909090909091,1,10,42
550,9364400_5514000,0.05263157894736842,1,18,45
551,9364800_5516400,0.2222222222222222,6,21,119
552,8289600_5498000,0.08045977011494253,7,80,305
553,8492000_5770000,0.11,11,89,547
554,8291200_5497200,0.04838709677419355,3,59,287
555,8492000_5771200,0.10112359550561797,9,80,228
556,8492800_5773600,0.1958762886597938,19,78,161
557,8368800_5549600,0.0,0,30,11
558,8366400_5548000,0.2077922077922078,16,61,29
559,8506400_5768400,0.15789473684210525,9,48,384
560,9376400_5529200,0.12121212121212122,4,29,86
561,9273600_5676400,0.03571428571428571,1,27,147
562,8338000_5491200,0.06557377049180328,4,57,20
563,9065600_5688800,0.0,0,0,120
564,8368800_5548800,0.030303030303030304,1,32,9
565,8508000_5767200,0.09090909090909091,3,30,261
566,9058000_5681200,0.0,0,0,2
567,9287600_5867200,0.0,0,80,1
568,9069200_5683200,0.1875,3,13,46
569,8505200_5771600,0.08421052631578947,8,87,734
570,9061200_5689600,0.6,3,2,9
571,8492400_5777200,0.09722222222222222,7,65,351
572,9062400_5678400,0.0,0,0,71
573,8289200_5498000,0.20869565217391303,24,91,255
574,9365200_5525200,0.19230769230769232,10,42,25
575,8291200_5498400,0.08860759493670886,7,72,261
576,8337200_5494400,0.0,0,13,3
577,9072400_5684800,0.3333333333333333,1,2,37
578,8497600_5765200,0.2,20,80,248
579,8493200_5773600,0.14414414414414414,16,95,207
580,9152000_5811600,0.09090909090909091,7,70,239
581,9062400_5681600,0.07142857142857142,1,13,42
582,9279200_5873600,0.024390243902439025,1,40,6
583,9059200_5690800,0.0,0,4,5
584,9372400_5524400,0.35714285714285715,5,9,27
585,8286800_5497200,0.25806451612903225,8,23,51
586,9145200_5820000,0.0,0,0,1
587,8492000_5768400,0.2926829268292683,24,58,90
588,9298000_5564000,0.0,0,5,1
589,8490800_5772800,0.11764705882352941,8,60,146
590,9367200_5518000,0.0,0,21,1
591,9364400_5519600,0.10606060606060606,7,59,89
592,9152800_5822000,0.19047619047619047,12,51,152
593,9302000_5556800,0.0,0,13,76
594,9274400_5861600,0.0,0,41,49
595,9153200_5822800,0.0,0,1,8
596,8864000_5688000,0.0,0,4,1
597,9364800_5524400,0.21428571428571427,9,33,85
598,9154000_5815200,0.08108108108108109,3,34,211
599,8812000_5990000,0.2608695652173913,6,17,158
600,8291600_5496000,0.09090909090909091,8,80,171
601,9362000_5525200,0.23880597014925373,16,51,42
602,9273600_5672400,0.025,1,39,299
603,8494000_5771200,0.125,5,35,84
604,9060000_5684000,0.25,6,18,64
605,8493200_5776000,0.0,0,0,5
606,9060400_5681600,0.23076923076923078,3,10,9
607,8370800_5551200,1.0,1,0,163
608,8591200_5544800,0.0,0,6,232
609,9056400_5687600,0.0,0,0,5
610,8286400_5496400,0.06666666666666667,3,42,285
611,8336000_5492400,0.13114754098360656,8,53,114
612,8365200_5548800,0.020833333333333332,1,47,4
613,9149600_5814800,0.26595744680851063,25,69,223
614,8335200_5489600,0.0,0,7,21
615,9268800_5672800,0.0,0,0,100
616,9148800_5820000,0.08333333333333333,1,11,247
617,9159600_5821600,0.0,0,0,4
618,9364000_5526800,0.12727272727272726,7,48,107
619,9284400_5867200,0.3,3,7,11
620,9056000_5682800,0.0,0,5,32
621,8500000_5772800,0.30701754385964913,35,79,282
622,9279600_5865200,0.023809523809523808,2,82,178
623,9061200_5679200,0.125,4,28,153
624,9069200_5688400,0.25,1,3,10
625,9066000_5677600,0.0,0,19,87
626,9062000_5689200,0.11764705882352941,4,30,87
627,9280000_5861200,0.016129032258064516,1,61,22
628,8492800_5771200,0.5,1,1,15
629,8494000_5767600,0.09848484848484848,13,119,573
630,9148000_5818800,0.13131313131313133,13,86,185
631,9059600_5688400,0.3125,5,11,50
632,9152000_5815600,0.24390243902439024,40,124,124
633,8490000_5770800,0.14634146341463414,12,70,326
634,8286800_5496400,0.11904761904761904,5,37,317
635,9054400_5682000,0.0,0,0,4
636,8506800_5771200,0.20588235294117646,7,27,192
637,9150400_5822000,0.13761467889908258,15,94,263
638,8496800_5773600,0.28104575163398693,43,110,508
639,9060000_5684800,0.20454545454545456,9,35,59
640,9062000_5688400,0.25,9,27,119
641,8369200_5548400,0.0,0,30,24
642,8494800_5768800,0.23232323232323232,23,76,160
643,9064400_5677200,0.0,0,0,4
644,8829200_5994800,0.20833333333333334,5,19,60
645,9060400_5680400,0.23809523809523808,10,32,51
646,9376800_5522400,0.0,0,9,19
647,8810800_5992400,0.0,0,0,8
648,9301600_5556800,0.0,0,26,125
649,8592000_5534000,0.0,0,10,176
650,9066000_5680800,0.16666666666666666,1,5,8
651,9065600_5687600,0.23529411764705882,4,13,63
652,9265600_5671600,0.0,0,16,45
653,8586800_5534400,0.18421052631578946,7,31,181
654,9154000_5819600,0.014492753623188406,1,68,356
655,8865600_5686400,0.13432835820895522,9,58,86
656,8506800_5763200,0.018518518518518517,1,53,193
657,8495200_5768000,0.18421052631578946,14,62,222
658,8825600_5995600,0.13636363636363635,3,19,53
659,9064800_5687600,0.15384615384615385,4,22,52
660,9060000_5678800,0.25,1,3,26
661,9058800_5690800,0.0,0,0,15
662,9604000_6073600,0.10256410256410256,12,105,85
663,8588800_5540000,0.10309278350515463,10,87,471
664,8587200_5539200,0.15384615384615385,6,33,128
665,9363600_5528800,0.037037037037037035,1,26,78
666,9278000_5866400,0.0,0,2,129
667,9063200_5682000,0.15555555555555556,7,38,134
668,9154000_5811600,0.14285714285714285,3,18,94
669,8336000_5491600,0.1,4,36,153
670,8863200_5687600,0.0,0,0,1
671,8287200_5498000,0.125,9,63,340
672,9061600_5682800,0.22580645161290322,7,24,66
673,9063200_5681600,0.17857142857142858,5,23,128
674,8595600_5541600,0.041666666666666664,1,23,180
675,9146400_5814800,0.0,0,6,19
676,9063600_5683600,0.09259259259259259,5,49,175
677,8490400_5770000,0.1326530612244898,13,85,445
678,9066400_5680000,0.10909090909090909,6,49,249
679,9070400_5686400,0.0,0,0,6
680,9282000_5675200,0.05,1,19,31
681,8336800_5494800,0.08,2,23,34
682,8494000_5778000,0.09615384615384616,5,47,135
683,9060400_5683600,0.37398373983739835,46,77,324
684,9070400_5682000,0.0,0,6,3
685,8488800_5770800,0.11320754716981132,6,47,188
686,9376800_5527200,0.18181818181818182,2,9,49
687,9295200_5560800,0.19607843137254902,10,41,94
688,8589600_5544000,0.0,0,1,8
689,8585600_5541600,0.44565217391304346,41,51,83
690,8368400_5550800,0.0,0,26,3
691,8508800_5766000,0.0625,4,60,464
692,8288800_5498800,0.16666666666666666,9,45,150
693,8495200_5775200,0.16666666666666666,25,125,425
694,9157600_5816000,0.15217391304347827,7,39,50
695,9376400_5526800,0.047619047619047616,1,20,79
696,8490400_5774800,0.16216216216216217,18,93,443
697,8494000_5773200,0.30612244897959184,15,34,80
698,9151600_5814800,0.1743119266055046,19,90,92
699,8494400_5776400,0.14736842105263157,14,81,253
700,9368800_5524400,0.14492753623188406,10,59,81
701,9272000_5874800,0.0,0,0,1
702,8371200_5550400,0.0,0,12,3
703,8819200_5992800,0.18181818181818182,2,9,28
704,8335200_5496400,0.2857142857142857,4,10,14
705,8334000_5491600,0.13333333333333333,2,13,5
706,8590000_5626000,0.2857142857142857,28,70,200
707,8490400_5773600,0.10526315789473684,4,34,148
708,8494800_5775600,0.08602150537634409,8,85,352
709,8367600_5548400,0.0,0,50,3
710,8596400_5538000,0.1111111111111111,6,48,339
711,8489200_5773200,0.0,0,22,112
712,8370400_5550400,0.09523809523809523,6,57,24
713,9602000_6072000,0.12087912087912088,11,80,77
714,8504400_5769600,0.12962962962962962,7,47,158
715,8289200_5497600,0.273972602739726,20,53,138
716,9277200_5860400,0.0,0,22,33
717,9062800_5689600,0.3333333333333333,17,34,38
718,9282400_5867600,0.29411764705882354,10,24,18
719,9370400_5525200,0.07142857142857142,1,13,29
720,8497200_5765200,0.1368421052631579,13,82,258
721,9364000_5524400,0.0,0,18,25
722,9060400_5681200,0.1,3,27,122
723,9364000_5521200,0.21621621621621623,8,29,35
724,8820000_5995200,0.16666666666666666,11,55,149
725,9370400_5517600,0.3333333333333333,4,8,65
726,9290800_5563600,0.0,0,3,3
727,9370000_5524800,0.0625,1,15,41
728,8366000_5548400,0.0,0,20,3
729,9155200_5822400,0.0,0,0,40
730,8824400_5992000,0.09523809523809523,2,19,68
731,9268000_5669600,0.07692307692307693,4,48,76
732,8597200_5533600,0.0,0,0,3
733,9158800_5814400,0.06451612903225806,2,29,324
734,8333600_5491600,0.058823529411764705,2,32,42
735,8494800_5772000,0.5230769230769231,34,31,58
736,9062800_5678000,0.0,0,0,14
737,9064800_5684800,0.13513513513513514,5,32,212
738,9146400_5819600,0.08333333333333333,3,33,296
739,8492000_5776000,0.3333333333333333,4,8,39
740,8494800_5768000,0.24603174603174602,31,95,459
741,8599600_5535600,0.0,0,26,101
742,9154800_5822000,0.1,1,9,9
743,9157200_5818000,0.0,0,0,190
744,8334800_5491600,0.0,0,8,126
745,9066400_5683200,0.030303030303030304,1,32,80
746,9368400_5526000,0.18181818181818182,6,27,76
747,8589200_5539200,0.07547169811320754,4,49,231
748,8496400_5765600,0.23214285714285715,13,43,69
749,9605600_6069600,0.15789473684210525,3,16,27
750,8336400_5491600,0.07692307692307693,8,96,139
751,8369600_5551600,0.0,0,9,17
752,8590800_5625200,0.2564102564102564,20,58,209
753,8591600_5530000,0.0,0,1,584
754,8589200_5630400,0.3,27,63,71
755,9274000_5872800,0.0,0,20,45
756,8367200_5548400,0.0,0,13,2
757,9062800_5689200,0.3137254901960784,16,35,75
758,8827600_5995600,0.0,0,3,18
759,8581600_5540400,0.0,0,0,4
760,8505600_5764000,0.0,0,4,4
761,8338000_5490800,0.2028985507246377,14,55,14
762,8499600_5772000,0.3493150684931507,51,95,369
763,9068000_5682000,0.39622641509433965,21,32,42
764,8491600_5774000,0.10126582278481013,8,71,272
765,8817200_5992000,0.22377622377622378,32,111,253
766,8506400_5765200,0.14102564102564102,11,67,89
767,9062400_5678000,0.0,0,0,80
768,8286800_5496800,0.09836065573770492,6,55,438
769,8490800_5774800,0.12,3,22,136
770,9064800_5686400,0.13636363636363635,3,19,50
771,8499200_5772400,0.3712121212121212,49,83,290
772,9604000_6066800,0.3333333333333333,8,16,14
773,8817200_5996000,0.14432989690721648,14,83,282
774,9157200_5818400,0.0,0,0,1
775,8288000_5496400,0.16304347826086957,15,77,300
776,9066800_5679200,0.0,0,1,10
777,9298000_5561200,0.14035087719298245,8,49,54
778,9154800_5816800,0.05263157894736842,3,54,97
779,8864400_5686400,0.19696969696969696,13,53,41
780,9061200_5682000,0.16279069767441862,7,36,108
781,9156800_5820000,0.0,0,1,9
782,8491600_5772800,0.1568627450980392,8,43,186
783,8818000_5992000,0.06666666666666667,5,70,53
784,9064400_5686400,0.0,0,1,7
785,9362800_5527200,0.15384615384615385,4,22,120
786,9299600_5559200,0.0,0,7,31
787,8292400_5499200,0.08928571428571429,5,51,323
788,8502400_5769600,0.125,10,70,356
789,8494800_5773200,0.27205882352941174,37,99,155
790,9155200_5818000,0.0,0,0,1
791,9285200_5866800,0.12121212121212122,4,29,6
792,9064400_5678400,0.0,0,3,6
793,8290000_5496400,0.06329113924050633,5,74,201
794,8814000_5991200,0.12195121951219512,5,36,105
795,8829600_5992800,0.2727272727272727,3,8,13
796,9061200_5684800,0.25,14,42,149
797,8828800_5992000,0.0,0,3,5
798,9061200_5690000,0.0625,1,15,381
799,9145200_5817200,0.0684931506849315,5,68,696
800,9279200_5868000,0.0,0,3,49
801,9062800_5688800,0.03571428571428571,1,27,123
802,9058400_5692000,0.09722222222222222,7,65,261
803,9062400_5689200,0.08860759493670886,7,72,355
804,8492800_5769200,0.3076923076923077,40,90,77
805,9297600_5563600,0.0,0,12,85
806,8489600_5771200,0.14754098360655737,9,52,333
807,9058400_5689600,0.0,0,26,284
808,9062000_5688800,0.25,12,36,155
809,9274000_5675200,0.0,0,0,103
810,9600800_6071600,0.087248322147651,13,136,176
811,8818800_5990400,0.08771929824561403,10,104,159
812,9296800_5556000,0.030303030303030304,1,32,140
813,9065200_5677200,0.0,0,0,4
814,9294400_5559600,0.16666666666666666,22,110,131
815,9266000_5671200,0.0,0,6,33
816,8597200_5534000,0.3684210526315789,7,12,71
817,8334400_5490400,0.5972222222222222,43,29,15
818,9367600_5515600,0.0,0,12,27
819,8366000_5548800,0.06,3,47,48
820,8499200_5764400,0.07865168539325842,7,82,299
821,8370400_5551200,0.37037037037037035,10,17,6
822,8494400_5767600,0.18666666666666668,28,122,524
823,9368800_5530800,0.2727272727272727,9,24,37
824,8494800_5771200,0.3076923076923077,36,81,357
825,9296800_5564800,0.0,0,47,1
826,9061600_5688400,0.06896551724137931,4,54,249
827,9058800_5682800,0.24,6,19,205
828,8490800_5769600,0.1276595744680851,18,123,497
829,9368000_5530400,0.21428571428571427,9,33,179
830,8492400_5774000,0.09090909090909091,3,30,131
831,9061600_5681200,0.17647058823529413,3,14,93
832,9370800_5528400,0.13636363636363635,9,57,370
833,9068800_5680400,0.0,0,0,5
834,9283200_5868000,0.05,1,19,4
835,9063200_5684000,0.10714285714285714,3,25,53
836,8492000_5769200,0.23333333333333334,14,46,78
837,8587200_5538000,0.19444444444444445,14,58,366
838,9369600_5523200,0.0,0,3,10
839,8494800_5768400,0.15789473684210525,12,64,156
840,9299600_5562000,0.3333333333333333,3,6,1
841,9146000_5820400,0.22727272727272727,5,17,209
842,8366800_5550400,0.0,0,4,15
843,9061600_5678000,0.0,0,1,20
844,9064800_5679600,0.11666666666666667,7,53,233
845,9602400_6066400,0.0,0,0,2
846,9065200_5680000,0.43636363636363634,24,31,45
847,9284400_5871600,0.0,0,34,2
848,8494800_5766800,0.1320754716981132,14,92,397
849,8337200_5491200,0.0,0,19,15
850,9363200_5517600,0.0,0,3,5
851,8507600_5769600,0.1388888888888889,5,31,294
852,9295600_5553600,0.0,0,11,80
853,8589600_5628800,0.35135135135135137,26,48,131
854,8491600_5768800,0.16363636363636364,9,46,68
855,9366400_5522400,0.13793103448275862,8,50,88
856,9159200_5816000,0.23529411764705882,4,13,86
857,9292800_5564800,0.043478260869565216,1,22,168
858,9064400_5680800,0.3055555555555556,11,25,114
859,9067600_5682400,0.11764705882352941,2,15,44
860,8494000_5772000,0.3394495412844037,37,72,334
861,9052000_5682400,0.0,0,0,283
862,9066000_5682400,0.058823529411764705,2,32,212
863,9299600_5559600,0.1,2,18,50
864,8337200_5494800,0.0,0,14,6
865,8291600_5499600,0.09210526315789473,7,69,403
866,9374800_5524000,0.0,0,0,155
867,9157200_5820000,0.0,0,0,2
868,9152400_5816800,0.2328767123287671,17,56,164
869,9063600_5684000,0.2608695652173913,12,34,217
870,8336800_5491600,0.08108108108108109,3,34,43
871,9061600_5679200,0.08108108108108109,3,34,205
872,8584000_5539200,0.2803738317757009,30,77,99
873,8334400_5493200,0.029411764705882353,2,66,50
874,9284000_5868000,0.075,3,37,278
875,8828000_5996400,0.19607843137254902,10,41,6
876,9302400_5560800,0.1206896551724138,7,51,329
877,8495200_5769200,0.32608695652173914,45,93,445
878,9062400_5688800,0.09090909090909091,5,50,212
879,9154400_5814000,0.08955223880597014,6,61,353
880,9154400_5810400,0.0,0,0,59
881,9052000_5682000,0.0,0,0,17
882,9144400_5816400,0.2,1,4,19
883,9066400_5678000,0.0,0,4,35
884,9368400_5521600,0.1206896551724138,7,51,85
885,8289200_5494400,0.0410958904109589,3,70,303
886,9153600_5819600,0.21904761904761905,23,82,139
887,8493200_5776800,0.25806451612903225,32,92,171
888,8822400_5997200,0.15789473684210525,9,48,197
889,9064800_5681600,0.46296296296296297,25,29,73
890,8828000_5995600,0.5,3,3,21
891,8812800_5991600,0.4583333333333333,11,13,6
892,8334800_5494400,0.061224489795918366,3,46,53
893,8830400_5994000,0.6923076923076923,18,8,10
894,9271200_5863200,0.03571428571428571,2,54,295
895,8494800_5777200,0.1232876712328767,9,64,420
896,8820800_5992800,0.24528301886792453,13,40,204
897,9368800_5528800,0.25,3,9,22
898,8492800_5777600,0.08571428571428572,3,32,7
899,8490000_5774800,0.09375,3,29,255
900,9601600_6069200,0.12595419847328243,33,229,557
901,8812000_5991200,0.23809523809523808,10,32,39
902,9153200_5812400,0.10588235294117647,9,76,167
903,8493200_5768400,0.12056737588652482,17,124,554
904,9148800_5817600,0.13793103448275862,12,75,370
905,8368400_5548000,0.08196721311475409,5,56,7
906,8593600_5538400,0.16352201257861634,26,133,525
907,8821600_5998400,0.11764705882352941,10,75,304
908,9301600_5559200,0.0,0,2,2
909,9064000_5682000,0.3333333333333333,13,26,70
910,9062400_5690400,0.07692307692307693,1,12,79
911,8865200_5684000,0.0,0,0,1
912,8491200_5770000,0.06521739130434782,9,129,607
913,8594000_5626800,0.22429906542056074,24,83,240
914,9271200_5678000,0.0,0,0,10
915,8288000_5498800,0.08888888888888889,4,41,339
916,8370800_5549600,0.0,0,44,1
917,9142800_5820000,0.0,0,5,464
918,9064800_5678400,0.14285714285714285,2,12,29
919,9060000_5690800,0.1111111111111111,1,8,104
920,9292000_5563200,0.0,0,0,3
921,9279200_5873200,0.0,0,88,1
922,8492400_5774800,0.0625,4,60,316
923,9063600_5688400,0.041666666666666664,1,23,202
924,8491200_5773600,0.11267605633802817,8,63,271
925,9059600_5690400,0.29411764705882354,5,12,67
926,8504800_5770800,0.13793103448275862,12,75,512
927,8825200_5996800,0.0,0,23,78
928,9374000_5524000,0.07142857142857142,4,52,218
929,8335600_5494000,0.13043478260869565,6,40,61
930,8816400_5995600,0.2857142857142857,6,15,48
931,8825600_5992800,0.1,1,9,22
932,9605600_6073200,0.0392156862745098,2,49,303
933,9063200_5690400,0.0,0,4,2
934,9270800_5670000,0.04411764705882353,3,65,197
935,8820000_5988000,0.0,0,6,19
936,9056800_5689600,0.0,0,0,3
937,9272400_5865200,0.0,0,6,60
938,9301200_5561600,0.3333333333333333,3,6,32
939,9065600_5681200,0.0,0,4,19
940,8334400_5496800,0.0,0,27,110
941,8492000_5767600,0.2912621359223301,30,73,164
942,9060000_5690400,0.06976744186046512,3,40,264
943,9150400_5822400,0.25675675675675674,19,55,73
944,9606400_6073200,0.1048951048951049,15,128,157
945,8824800_5992800,0.0,0,10,5
946,8495200_5767600,0.14960629921259844,19,108,381
947,9156000_5819200,0.4,10,15,13
948,9605200_6069600,0.06896551724137931,6,81,116
949,9373600_5526400,0.07407407407407407,2,25,177
950,9066800_5681200,0.25,1,3,56
951,8493600_5774000,0.21686746987951808,18,65,114
952,8589600_5626800,0.358695652173913,33,59,163
953,9363600_5514400,0.0,0,1,375
954,9298400_5555600,0.0,0,4,85
955,9378400_5528800,0.11538461538461539,3,23,109
956,9065600_5677600,0.0,0,3,16
957,9277600_5670400,0.08974358974358974,7,71,107
958,8490800_5774000,0.034482758620689655,3,84,450
959,9143600_5820000,0.0,0,3,2
960,8334800_5493600,0.03529411764705882,3,82,67
961,9369600_5528000,0.24489795918367346,12,37,79
962,9371200_5533600,0.15384615384615385,2,11,44
963,9070400_5690000,0.3333333333333333,1,2,2
964,8495600_5767600,0.28695652173913044,33,82,297
965,8338400_5492000,0.07692307692307693,1,12,12
966,9608000_6072400,0.07692307692307693,4,48,101
967,8491600_5776800,0.26548672566371684,30,83,101
968,9069200_5688000,0.21739130434782608,5,18,84
969,8290400_5498800,0.35555555555555557,16,29,103
970,9066400_5681200,0.0,0,0,32
971,9277200_5870400,0.13333333333333333,2,13,21
972,9374400_5524800,0.04411764705882353,3,65,234
973,8333600_5492800,0.10526315789473684,2,17,8
974,9068000_5678800,0.17073170731707318,7,34,278
975,8592800_5528000,0.0,0,3,2
976,9601600_6072800,0.06521739130434782,3,43,74
977,9268400_5670400,0.02702702702702703,1,36,39
978,8337600_5494800,0.0,0,14,4
979,8494000_5766000,0.0967741935483871,6,56,70
980,8334400_5490000,0.0,0,23,6
981,8494800_5774800,0.0990990990990991,11,100,392
982,9151600_5812800,0.10126582278481013,8,71,454
983,8291600_5498800,0.20689655172413793,6,23,27
984,9296400_5556400,0.0,0,26,118
985,9276000_5862800,0.16666666666666666,13,65,125
986,8590000_5533200,0.11904761904761904,5,37,38
987,8494000_5768800,0.13114754098360656,8,53,159
988,9366000_5516800,0.05555555555555555,2,34,149
989,8492800_5776400,0.1111111111111111,1,8,13
990,8335200_5490400,0.0,0,8,20
991,9367600_5532400,0.08108108108108109,3,34,135
992,8290400_5496000,0.09333333333333334,7,68,208
993,9604000_6076000,0.07142857142857142,2,26,128
994,9068800_5683200,0.0,0,2,11
995,9052400_5682400,0.0,0,0,24
996,9299200_5554400,0.0,0,2,212
997,9061600_5689200,0.0,0,4,14
998,9280400_5874000,0.0,0,0,1
999,8288000_5494400,0.05555555555555555,3,51,138
1000,8490400_5771600,0.14925373134328357,10,57,310
1001,9066800_5681600,0.21568627450980393,11,40,255
1002,9369200_5518000,0.15,3,17,133
1003,9379200_5528800,0.0,0,0,79
1004,8590800_5628800,0.3254437869822485,55,114,241
1005,9366000_5523200,0.19672131147540983,12,49,68
1006,9160800_5821600,0.0,0,0,354
1007,9144400_5814800,0.0,0,0,5
1008,8335600_5493200,0.26666666666666666,28,77,112
1009,9302800_5558400,0.0,0,4,33
1010,8508400_5768000,0.06896551724137931,2,27,165
1011,8588000_5628400,0.17543859649122806,10,47,158
1012,9295200_5556400,0.04225352112676056,3,68,452
1013,9152800_5816800,0.045454545454545456,1,21,205
1014,8493200_5768800,0.256198347107438,31,90,274
1015,9300400_5559200,0.0,0,0,2
1016,8590800_5531600,0.0,0,3,4
1017,9063200_5688800,0.10204081632653061,5,44,250
1018,8492400_5767200,0.14173228346456693,18,109,621
1019,8496000_5768000,0.13095238095238096,11,73,130
1020,9160400_5821600,0.0,0,0,1
1021,8290000_5493600,0.0196078431372549,1,50,317
1022,8336800_5493600,0.0,0,93,9
1023,9143200_5819200,0.0,0,0,206
1024,9060000_5687600,0.1,3,27,136
1025,8592800_5535600,0.08450704225352113,6,65,309
1026,9063600_5687600,0.24324324324324326,9,28,36
1027,9061200_5684000,0.2647058823529412,9,25,101
1028,9062400_5684800,0.22448979591836735,11,38,90
1029,9060800_5684000,0.39316239316239315,46,71,232
1030,9601200_6066400,0.0625,2,30,21
1031,9150000_5820400,0.0,0,1,16
1032,9377200_5529200,0.18309859154929578,13,58,265
1033,8496400_5777600,0.08235294117647059,7,78,444
1034,8370000_5551200,0.18032786885245902,11,50,14
1035,9065200_5678800,0.14035087719298245,8,49,177
1036,9370000_5533200,0.0,0,0,118
1037,8501200_5772000,0.34285714285714286,36,69,189
1038,8494400_5767200,0.13846153846153847,18,112,701
1039,8492800_5773200,0.2992125984251969,38,89,266
1040,9370800_5517600,0.16666666666666666,3,15,57
1041,8288800_5494000,0.10606060606060606,7,59,257
1042,8492000_5774000,0.125,5,35,239
1043,8813600_5992800,0.14285714285714285,1,6,58
1044,8500000_5768800,0.17857142857142858,10,46,63
1045,9266800_5669200,0.0,0,6,8
1046,9373600_5531200,0.0,0,4,43
1047,9153200_5823200,0.0,0,2,1
1048,9375600_5526400,0.0,0,1,1
1049,8821600_5990800,0.0,0,0,5
1050,9368000_5524000,0.26785714285714285,30,82,107
1051,9151200_5812800,0.0,0,4,11
1052,9368000_5532800,0.1,4,36,167
1053,9058000_5679600,0.0,0,5,36
1054,8290800_5498800,0.10714285714285714,6,50,107
1055,9376000_5524400,0.0,0,0,50
1056,8590800_5534000,0.03571428571428571,1,27,48
1057,8508400_5773200,0.22857142857142856,16,54,105
1058,9149200_5822000,0.07142857142857142,1,13,338
1059,9064000_5687600,0.23333333333333334,14,46,221
1060,9604800_6077200,0.0,0,0,2
1061,8496800_5768400,0.26126126126126126,29,82,218
1062,9283600_5865200,0.0,0,28,5
1063,9060400_5683200,0.3333333333333333,20,40,174
1064,9062000_5680000,0.3888888888888889,14,22,103
1065,8821200_5987600,0.16666666666666666,3,15,93
1066,9363600_5514800,0.0,0,1,16
1067,8339200_5493200,0.0,0,16,6
1068,9060800_5691600,0.06896551724137931,2,27,156
1069,8495200_5776800,0.060240963855421686,5,78,431
1070,9300800_5561600,0.4,4,6,4
1071,8590800_5538000,0.11688311688311688,9,68,169
1072,8492400_5776800,0.1590909090909091,7,37,176
1073,9606800_6077600,0.0,0,4,45
1074,9281200_5868400,0.09523809523809523,6,57,43
1075,9274400_5874000,0.0,0,0,174
1076,9362800_5518400,0.0,0,2,2
1077,9143600_5818400,0.0,0,0,12
1078,9363200_5526800,0.07317073170731707,3,38,37
1079,8288800_5499200,0.0,0,0,3
1080,9365600_5521200,0.14285714285714285,8,48,75
1081,8495200_5765600,0.27941176470588236,19,49,66
1082,9156800_5816000,0.08108108108108109,6,68,781
1083,9143600_5814400,0.0,0,3,357
1084,9366800_5524800,0.11428571428571428,4,31,64
1085,9062800_5682800,0.1935483870967742,6,25,35
1086,9058800_5682000,0.2153846153846154,14,51,161
1087,8825600_5996000,0.05,1,19,15
1088,8333600_5494000,0.0,0,1,8
1089,9276400_5867600,0.2903225806451613,18,44,97
1090,8820000_5990000,0.13043478260869565,3,20,108
1091,9373600_5528000,0.05263157894736842,1,18,53
1092,8586800_5539200,0.07407407407407407,2,25,113
1093,9280000_5676400,0.0625,1,15,164
1094,9265200_5670000,0.0,0,12,108
1095,8334400_5494800,0.0,0,7,1
1096,9150000_5814000,0.12195121951219512,10,72,298
1097,9063200_5681200,0.24,6,19,112
1098,8508000_5766000,0.12,6,44,235
1099,9280800_5871200,0.08695652173913043,2,21,2
1100,9146400_5819200,0.046153846153846156,3,62,352
1101,9300800_5562000,0.0,0,1,1
1102,9062800_5681600,0.20689655172413793,6,23,74
1103,9065200_5682800,0.04,1,24,133
1104,9372400_5521200,0.28125,9,23,7
1105,8287600_5497600,0.06666666666666667,3,42,368
1106,9148000_5817200,0.0273972602739726,2,71,792
1107,9064400_5681600,0.2,8,32,73
1108,8820800_5989200,0.2,1,4,59
1109,8493200_5770800,0.0,0,2,15
1110,8338000_5494000,0.0,0,17,9
1111,8489600_5774400,0.0,0,3,57
1112,8286800_5496000,0.08771929824561403,5,52,241
1113,9067200_5688800,0.4,2,3,18
1114,9370800_5531200,0.0,0,6,21
1115,9375200_5523200,0.0,0,0,3
1116,9054800_5683600,0.0,0,10,38
1117,9055200_5681200,0.0,0,0,1
1118,9274800_5873600,0.0,0,0,729
1119,8290800_5496800,0.11267605633802817,8,63,425
1120,8866800_5685600,0.0,0,0,2
1121,9151600_5816800,0.28187919463087246,42,107,303
1122,8490400_5769200,0.10638297872340426,10,84,308
1123,8369200_5551600,0.0,0,25,18
1124,8335600_5493600,0.25773195876288657,25,72,132
1125,9601600_6071200,0.08571428571428572,3,32,83
1126,8499600_5768800,0.18518518518518517,10,44,138
1127,9062800_5679600,0.0,0,2,43
1128,8370400_5548400,0.047619047619047616,1,20,9
1129,9154000_5816800,0.0,0,1,7
1130,9068400_5678800,0.28,7,18,137
1131,9057600_5689200,0.3333333333333333,1,2,18
1132,9153600_5815600,0.14035087719298245,8,49,126
1133,9060000_5689600,0.09090909090909091,5,50,348
1134,9272400_5669200,0.0,0,51,60
1135,9058000_5688400,0.0,0,10,156
1136,9366400_5531200,0.0,0,0,209
1137,8588000_5533200,0.19021739130434784,35,149,450
1138,9296800_5561200,0.041666666666666664,1,23,88
1139,8492400_5773200,0.21348314606741572,19,70,192
1140,8586000_5544800,0.3490566037735849,37,69,123
1141,9066800_5678800,0.0,0,0,1
1142,8598800_5535600,0.06578947368421052,5,71,276
1143,8495200_5772800,0.34265734265734266,49,94,332
1144,9068400_5680000,0.0,0,0,2
1145,9362400_5518400,0.0,0,8,284
1146,9066400_5679600,0.058823529411764705,3,48,264
1147,8495600_5774800,0.18072289156626506,15,68,202
1148,9275200_5867600,0.09322033898305085,11,107,286
1149,8505200_5764400,0.12903225806451613,4,27,64
1150,9063600_5685600,0.1320754716981132,7,46,171
1151,9064000_5688800,0.0,0,10,103
1152,9057200_5691200,0.09836065573770492,6,55,295
1153,9061200_5680000,0.21739130434782608,5,18,80
1154,8814000_5992400,0.02040816326530612,1,48,63
1155,9066000_5688800,0.0,0,9,55
1156,9605200_6073200,0.0,0,13,324
1157,9066800_5682800,0.0,0,10,76
1158,9062000_5684800,0.2727272727272727,12,32,111
1159,8813200_5989200,0.16,4,21,42
1160,9367200_5528400,0.20930232558139536,9,34,99
1161,9280800_5675600,0.06451612903225806,2,29,94
1162,8590400_5538800,0.2727272727272727,30,80,88
1163,8492400_5769600,0.15151515151515152,10,56,147
1164,8491600_5769200,0.27631578947368424,21,55,58
1165,8335200_5493600,0.3584905660377358,19,34,59
1166,9060800_5689200,0.14285714285714285,3,18,50
1167,9068400_5681200,0.3125,5,11,3
1168,9293200_5559200,0.0,0,1,16
1169,8824800_5994800,0.13636363636363635,6,38,70
1170,9274000_5668800,0.0,0,25,72
1171,8829600_5993200,0.025,1,39,36
1172,9066800_5677600,0.0,0,0,133
1173,8826800_5993200,0.0,0,6,49
1174,8864800_5684800,0.0,0,40,26
1175,9280000_5871200,0.0,0,100,17
1176,8863600_5687600,0.17391304347826086,4,19,32
1177,9368800_5532400,0.0,0,0,191
1178,9065600_5683200,0.0,0,4,7
1179,8494400_5776000,0.056818181818181816,5,83,272
1180,8950800_5844400,0.0,0,0,14
1181,8496000_5775200,0.0,0,73,17
1182,8586800_5536400,0.1322314049586777,16,105,485
1183,9153200_5816400,0.15555555555555556,7,38,73
1184,8828000_5992000,0.42857142857142855,6,8,10
1185,8495600_5765200,0.15625,10,54,63
1186,8337600_5492800,0.04918032786885246,3,58,34
1187,9056000_5688800,0.0,0,1,1
1188,9284000_5865200,0.031746031746031744,2,61,21
1189,9061200_5680400,0.0,0,15,70
1190,9370000_5517200,0.17777777777777778,8,37,84
1191,9279600_5868000,0.0,0,2,62
1192,8813600_5995200,0.14925373134328357,10,57,428
1193,9064400_5683200,0.25,4,12,51
1194,9371200_5525600,0.0,0,1,6
1195,9297600_5555200,0.0,0,12,39
1196,8817600_5990800,0.24390243902439024,10,31,98
1197,9275200_5870000,0.0,0,3,550
1198,9160000_5821600,0.0,0,0,53
1199,9367600_5525600,0.1791044776119403,12,55,81
1200,8491600_5776000,0.0,0,0,12
1201,8592000_5624800,0.0,0,0,3
1202,8290400_5496400,0.13559322033898305,8,51,118
1203,9060400_5680000,0.08888888888888889,4,41,124
1204,9157600_5818000,0.0,0,0,58
1205,8589600_5628000,0.41935483870967744,39,54,147
1206,8492000_5768800,0.26126126126126126,29,82,81
1207,9271600_5673200,0.045454545454545456,3,63,232
1208,9604800_6068800,0.08391608391608392,12,131,193
1209,8814000_5990000,0.18181818181818182,2,9,144
1210,9061600_5682400,0.30357142857142855,17,39,77
1211,9293600_5557200,0.1590909090909091,7,37,118
1212,9605200_6077200,0.0,0,0,455
1213,9364400_5522000,0.0,0,11,27
1214,9147200_5820400,0.15730337078651685,14,75,163
1215,8334800_5490800,0.0,0,33,50
1216,9365200_5519600,0.0,0,2,6
1217,8338000_5492400,0.0,0,31,1
1218,9062000_5687600,0.14285714285714285,3,18,68
1219,8336800_5492000,0.05660377358490566,3,50,6
1220,8817600_5992400,0.12345679012345678,10,71,164
1221,9282400_5874400,0.0,0,0,261
1222,8288400_5499200,0.09523809523809523,2,19,196
1223,9281200_5874400,0.0,0,7,116
1224,8493600_5774400,0.13186813186813187,12,79,316
1225,9147600_5818000,0.19230769230769232,15,63,363
1226,9366400_5528000,0.225,9,31,43
1227,9271600_5668800,0.017241379310344827,1,57,188
1228,8366400_5549200,0.023255813953488372,1,42,13
1229,8290400_5498000,0.1262135922330097,13,90,181
1230,8582800_5539600,0.08333333333333333,8,88,570
1231,8500800_5767600,0.05813953488372093,5,81,110
1232,9158000_5819600,0.07692307692307693,1,12,24
1233,8288000_5494800,0.1206896551724138,7,51,160
1234,9063600_5688000,0.16216216216216217,6,31,93
1235,8591600_5627600,0.4507042253521127,64,78,161
1236,9060800_5681200,0.07692307692307693,2,24,84
1237,9298000_5553600,0.0,0,5,25
1238,8813200_5995200,0.13793103448275862,4,25,128
1239,8290400_5494000,0.0,0,4,21
1240,8590000_5535600,0.2376237623762376,24,77,240
1241,8490800_5774400,0.1643835616438356,12,61,418
1242,8583200_5541600,0.1038961038961039,8,69,218
1243,9600400_6071600,0.014814814814814815,2,133,198
1244,9066800_5689200,0.23076923076923078,3,10,66
1245,9272000_5674400,0.10714285714285714,3,25,74
1246,9063200_5683200,0.1282051282051282,5,34,160
1247,9366000_5529200,0.0,0,5,3
1248,9064400_5689200,0.0,0,1,1
1249,8495200_5767200,0.13829787234042554,13,81,225
1250,9368400_5528000,0.06666666666666667,3,42,139
1251,8338400_5493200,0.0,0,9,2
1252,9600400_6073600,0.1276595744680851,12,82,225
1253,8587600_5538800,0.06756756756756757,5,69,251
1254,9280400_5875600,0.0,0,0,1
1255,8588800_5538800,0.19298245614035087,11,46,180
1256,8827200_5995600,0.23809523809523808,5,16,12
1257,8289200_5493600,0.1348314606741573,12,77,191
1258,8336400_5491200,0.06976744186046512,3,40,195
1259,9276400_5873200,0.05263157894736842,1,18,14
1260,8337600_5492000,0.043478260869565216,1,22,18
1261,8290000_5495600,0.18181818181818182,16,72,338
1262,8367600_5550400,0.0,0,44,2
1263,9363600_5526800,0.07547169811320754,4,49,68
1264,9375600_5526000,0.09302325581395349,4,39,113
1265,8506000_5766800,0.06097560975609756,5,77,688
1266,9374000_5530800,0.0,0,8,33
1267,8494400_5771200,0.44036697247706424,48,61,371
1268,9295600_5561600,0.07017543859649122,4,53,162
1269,9057200_5682800,0.09090909090909091,4,40,183
1270,9060800_5690400,0.0,0,0,32
1271,9056400_5682000,0.0,0,0,2
1272,8290000_5497200,0.14457831325301204,12,71,92
1273,8494000_5767200,0.1346153846153846,21,135,764
1274,9282800_5872000,0.0,0,1,227
1275,8493200_5774000,0.21686746987951808,18,65,123
1276,9069200_5685600,0.0,0,0,1
1277,9269600_5669200,0.15625,5,27,59
1278,8586800_5546000,0.0,0,0,48
1279,8824400_5994000,0.15384615384615385,8,44,70
1280,9149200_5816400,0.3577981651376147,39,70,162
1281,8492400_5772800,0.1794871794871795,14,64,193
1282,9280400_5869200,0.06666666666666667,1,14,55
1283,8334400_5496400,0.0,0,25,1
1284,8495600_5770000,0.4609375,59,69,668
1285,9291200_5555600,0.0,0,11,57
1286,9293600_5562400,0.05263157894736842,3,54,192
1287,8288000_5498000,0.1111111111111111,7,56,367
1288,9270000_5667600,0.0,0,33,103
1289,9296000_5558800,0.08737864077669903,9,94,85
1290,9274000_5669200,0.0,0,13,90
1291,8494800_5775200,0.14150943396226415,15,91,545
1292,9066400_5680800,0.0,0,0,1
1293,8817600_5989200,0.13043478260869565,6,40,43
1294,8290000_5499200,0.06896551724137931,4,54,280
1295,8584000_5541200,0.36666666666666664,11,19,89
1296,8494000_5772800,0.32558139534883723,28,58,314
1297,9066000_5683200,0.05,1,19,88
1298,9066000_5682800,0.1111111111111111,4,32,267
1299,9278000_5674000,0.0,0,0,6
1300,8827600_5992400,0.2777777777777778,5,13,65
1301,9064000_5681200,0.17142857142857143,6,29,147
1302,8291200_5498000,0.09210526315789473,7,69,285
1303,8494400_5772000,0.33980582524271846,35,68,290
1304,9278400_5862000,0.14666666666666667,11,64,119
1305,9148000_5819200,0.12903225806451613,4,27,148
1306,9378800_5523600,0.0,0,14,10
1307,8827200_5994000,0.05555555555555555,3,51,75
1308,9062800_5687600,0.0,0,0,106
1309,9368400_5526400,0.14,7,43,127
1310,8494400_5768800,0.2857142857142857,18,45,103
1311,9276400_5672800,0.0,0,6,12
1312,9370400_5534000,0.17647058823529413,3,14,29
1313,9066400_5682400,0.13513513513513514,5,32,182
1314,8592000_5632000,0.1864406779661017,11,48,332
1315,8497200_5768800,0.28888888888888886,39,96,250
1316,8493600_5775600,0.20833333333333334,5,19,140
1317,8592000_5538800,0.1891891891891892,14,60,520
1318,8594000_5540000,0.3103448275862069,9,20,57
1319,9147200_5821600,0.11764705882352941,4,30,218
1320,9060800_5682000,0.34375,11,21,41
1321,8368000_5547200,0.05,1,19,3
1322,8498400_5772400,0.175,7,33,124
1323,9057600_5688000,0.08333333333333333,3,33,288
1324,9369200_5520000,0.05,1,19,9
1325,9055600_5681200,0.0,0,0,2
1326,9062000_5681600,0.21739130434782608,5,18,46
1327,8828000_5995200,0.0,0,6,5
1328,9062400_5682000,0.13636363636363635,3,19,33
1329,9064000_5682800,0.125,2,14,57
1330,8286400_5497200,0.0,0,24,147
1331,8588000_5537600,0.04,1,24,68
1332,9277200_5868000,0.26277372262773724,36,101,118
1333,8493600_5777600,0.0963855421686747,8,75,345
1334,9068000_5684800,0.0,0,4,38
1335,9603600_6073600,0.06395348837209303,11,161,258
1336,9295200_5563200,0.1590909090909091,7,37,66
1337,9265600_5672000,0.058823529411764705,2,32,188
1338,8289600_5493200,0.017543859649122806,1,56,256
1339,9370400_5522000,0.2727272727272727,3,8,31
1340,9368000_5526800,0.11842105263157894,9,67,209
1341,8369600_5548800,0.0,0,9,4
1342,9064800_5681200,0.2,3,12,70
1343,9152800_5823200,0.0,0,2,346
1344,9061200_5678400,0.0,0,6,8
1345,8335200_5496000,0.0,0,23,6
1346,9370000_5514800,0.0,0,0,29
1347,8814400_5993200,0.11764705882352941,12,90,137
1348,9300800_5556000,0.0,0,15,176
1349,9148400_5818400,0.28846153846153844,30,74,238
1350,8820000_5992400,0.17045454545454544,15,73,129
1351,9273600_5672800,0.09259259259259259,5,49,221
1352,9060000_5680800,0.23076923076923078,3,10,59
1353,8588400_5535600,0.22580645161290322,35,120,331
1354,8592000_5627600,0.36134453781512604,43,76,228
1355,9298400_5558800,0.0,0,2,16
1356,8596800_5537600,0.12244897959183673,6,43,189
1357,9149200_5819200,0.3333333333333333,1,2,281
1358,9279600_5869600,0.1111111111111111,1,8,154
1359,9059600_5691200,0.0,0,2,54
1360,9064400_5684800,0.15555555555555556,7,38,207
1361,9059600_5687600,0.10526315789473684,2,17,38
1362,9153600_5822400,0.0,0,7,38
1363,8816400_5991200,0.15151515151515152,5,28,36
1364,8598000_5536800,0.23595505617977527,21,68,121
1365,9295200_5556000,0.07017543859649122,4,53,377
1366,8335600_5492400,0.29411764705882354,5,12,45
1367,8506000_5771200,0.14285714285714285,9,54,410
1368,9366000_5519200,0.0,0,0,269
1369,8336000_5492000,0.2463768115942029,17,52,122
1370,8337600_5494000,0.0,0,13,3
1371,8493600_5769600,0.16470588235294117,14,71,252
1372,9063600_5680400,0.1111111111111111,2,16,44
1373,8370000_5550400,0.04,1,24,6
1374,8502000_5770000,0.15753424657534246,23,123,423
1375,9271600_5864800,0.0,0,3,5
1376,8593200_5626800,0.225,9,31,127
1377,8488800_5771600,0.11764705882352941,2,15,68
1378,9066800_5688000,0.17647058823529413,3,14,145
1379,8495600_5765600,0.24528301886792453,13,40,59
1380,8491600_5771600,0.13953488372093023,6,37,232
1381,9369600_5518000,0.10344827586206896,6,52,184
1382,8497600_5771200,0.2946859903381642,61,146,362
1383,9366400_5519200,0.0,0,11,9
1384,8491600_5770000,0.11764705882352941,16,120,536
1385,9362400_5524400,0.09375,3,29,76
1386,9068800_5682800,0.0,0,1,4
1387,8494400_5770000,0.4375,28,36,249
1388,9064800_5682800,0.2222222222222222,6,21,73
1389,9068000_5688800,0.1,1,9,34
1390,9362000_5518000,0.0,0,0,139
1391,8494000_5773600,0.24096385542168675,20,63,98
1392,8334800_5492000,0.0,0,7,2
1393,9065600_5677200,0.0,0,0,5
1394,8334400_5491600,0.0625,2,30,4
1395,9065600_5678400,0.125,5,35,228
1396,8490800_5771600,0.09210526315789473,7,69,192
1397,8494400_5774000,0.2204724409448819,28,99,327
1398,9066400_5683600,0.1891891891891892,7,30,141
1399,9068400_5682800,0.0,0,10,4
1400,9271200_5867200,0.0,0,7,35
1401,9281200_5872000,0.18518518518518517,5,22,10
1402,9362400_5526800,0.14814814814814814,8,46,98
1403,8333600_5492000,0.0,0,13,2
1404,8507200_5761600,0.0,0,18,6
1405,8746000_5861200,0.0,0,0,13
1406,9151200_5820000,0.27450980392156865,28,74,136
1407,9275200_5670400,0.24615384615384617,16,49,45
1408,9158800_5819600,0.0,0,0,230
1409,9600400_6068800,0.0,0,8,18
1410,9267200_5666000,0.05555555555555555,1,17,195
1411,9067200_5685600,0.2,6,24,70
1412,8334800_5489600,0.0,0,7,11
1413,9060800_5680800,0.2222222222222222,2,7,35
1414,8492400_5768000,0.2926829268292683,24,58,107
1415,8588800_5625600,0.2692307692307692,7,19,107
1416,8495600_5770800,0.504,63,62,460
1417,9296000_5561600,0.13793103448275862,8,50,147
1418,9158400_5819200,0.0,0,1,192
1419,8368800_5551600,0.0,0,10,4
1420,8490000_5773600,0.09230769230769231,6,59,219
1421,9368400_5530000,0.13157894736842105,10,66,78
1422,9604800_6071200,0.12568306010928962,23,160,380
1423,9060000_5686400,0.09090909090909091,2,20,93
1424,9054800_5687600,0.0,0,18,155
1425,9298800_5562800,0.0,0,7,18
1426,9367200_5524800,0.22857142857142856,16,54,83
1427,9283600_5871200,0.0,0,54,1
1428,9064000_5678000,0.0,0,0,102
1429,9368000_5516000,0.05555555555555555,1,17,53
1430,8593600_5531200,0.037037037037037035,1,26,211
1431,8336400_5495600,0.05714285714285714,2,33,28
1432,9065600_5679200,0.0,0,3,47
1433,8954400_5841600,0.08108108108108109,3,34,186
1434,9285200_5868000,0.06818181818181818,3,41,22
1435,8494400_5773200,0.1774193548387097,11,51,74
1436,8594000_5538400,0.136986301369863,10,63,294
1437,9153600_5810800,0.19444444444444445,21,87,370
1438,8291600_5498000,0.04285714285714286,3,67,333
1439,9376800_5525200,0.25,1,3,24
1440,8493200_5769600,0.3157894736842105,18,39,102
1441,8370800_5549200,0.2,9,36,219
1442,8594400_5630800,0.058823529411764705,2,32,351
1443,9069600_5688800,0.0,0,4,19
1444,8365600_5549200,0.029411764705882353,2,66,10
1445,9062400_5688000,0.35294117647058826,12,22,86
1446,9065200_5680400,0.5,2,2,16
1447,8333600_5492400,0.02857142857142857,1,34,17
1448,9295600_5554000,0.0,0,7,48
1449,9066400_5684000,0.0,0,2,3
1450,8591200_5537200,0.21052631578947367,4,15,180
1451,8370400_5550800,0.28,21,54,10
1452,9274000_5666000,0.056338028169014086,4,67,226
1453,9066800_5684800,0.0625,1,15,39
1454,9150400_5819600,0.18556701030927836,18,79,98
1455,9060000_5688800,0.03125,2,62,448
1456,8495600_5766800,0.07692307692307693,6,72,145
1457,8589600_5540400,0.36363636363636365,4,7,68
1458,8338000_5491600,0.1,1,9,15
1459,8588800_5541200,0.275,11,29,48
1460,8290400_5499200,0.06666666666666667,5,70,408
1461,8291200_5494800,0.018518518518518517,1,53,228
1462,9064800_5685600,0.15151515151515152,5,28,78
1463,9061600_5685600,0.2972972972972973,11,26,153
1464,9366800_5515600,0.08823529411764706,3,31,80
1465,9268000_5672800,0.0,0,2,33
1466,9155600_5815200,0.0684931506849315,5,68,83
1467,9274400_5870000,0.0,0,0,396
1468,9599200_6072000,0.16666666666666666,16,80,61
1469,8493600_5772800,0.34375,33,63,267
1470,9064000_5680800,0.19444444444444445,7,29,55
1471,9058800_5680800,0.0,0,18,98
1472,8586000_5540400,0.21212121212121213,14,52,102
1473,8337600_5493600,0.11538461538461539,3,23,19
1474,9150400_5816800,0.4224137931034483,49,67,237
1475,8508800_5765200,0.15384615384615385,8,44,472
1476,9056800_5689200,0.0,0,3,19
1477,8286800_5498400,0.12,3,22,25
1478,8338000_5492000,0.058823529411764705,1,16,18
1479,8590000_5534000,0.14285714285714285,5,30,152
1480,8366000_5549600,0.0,0,64,4
1481,8506000_5762800,0.045454545454545456,1,21,10
1482,8828400_5992400,0.0,0,3,1
1483,8491200_5772400,0.08333333333333333,10,110,552
1484,9155200_5816400,0.18181818181818182,10,45,148
1485,9272400_5862800,0.08928571428571429,5,51,154
1486,8492800_5776000,0.0,0,0,2
1487,8813600_5990400,0.0,0,5,111
1488,8496000_5780400,0.24299065420560748,26,81,120
1489,9151600_5810800,0.2839506172839506,23,58,274
1490,9150000_5820000,0.0,0,6,49
1491,9159200_5814000,0.14285714285714285,2,12,119
1492,9064000_5683600,0.09523809523809523,4,38,81
1493,9601200_6074000,0.0,0,33,13
1494,9286400_5866400,0.011363636363636364,1,87,49
1495,9364400_5514800,0.0,0,3,131
1496,9270400_5675600,0.041666666666666664,1,23,129
1497,9150800_5820000,0.15306122448979592,15,83,104
1498,8290800_5499200,0.18518518518518517,10,44,339
1499,8335600_5492000,0.05555555555555555,1,17,86
1500,9282800_5872400,0.0,0,95,26
1501,8289200_5494000,0.075,3,37,306
1502,9296400_5554000,0.3333333333333333,1,2,11
1503,9273600_5869200,0.0625,1,15,51
1504,9278000_5678800,0.0,0,0,145
1505,8590400_5626400,0.36363636363636365,36,63,239
1506,8290000_5498800,0.125,5,35,234
1507,8491200_5773200,0.0,0,1,1
1508,9606800_6072800,0.045454545454545456,3,63,88
1509,9156000_5820000,0.189873417721519,15,64,109
1510,9065200_5681600,0.2916666666666667,7,17,29
1511,9063600_5681200,0.10526315789473684,6,51,109
1512,8819600_5997600,0.25,1,3,16
1513,9059600_5690000,0.1111111111111111,1,8,31
1514,9604000_6065600,0.0,0,0,4
1515,9060800_5691200,0.0,0,0,2
1516,8494400_5776800,0.08163265306122448,8,90,301
1517,9145600_5815600,0.0,0,0,15
1518,9063600_5688800,0.046875,3,61,364
1519,8827600_5993200,0.42857142857142855,3,4,36
1520,8288400_5498000,0.041666666666666664,3,69,336
1521,8500800_5765200,0.34615384615384615,9,17,47
1522,8336800_5495600,0.0625,1,15,83
1523,9144000_5818000,0.0,0,1,1
1524,9064800_5679200,0.42105263157894735,16,22,48
1525,9070800_5681200,0.0,0,0,362
1526,9064800_5680000,0.30303030303030304,20,46,159
1527,8820400_5986000,0.16666666666666666,3,15,61
1528,9062000_5680800,0.23684210526315788,9,29,185
1529,9147200_5818400,0.19117647058823528,13,55,167
1530,9276000_5664400,0.0,0,2,2
1531,9153600_5823200,0.0,0,3,9
1532,9157200_5815200,0.1111111111111111,2,16,116
1533,8593600_5626800,0.15517241379310345,9,49,146
1534,8588000_5537200,0.09090909090909091,1,10,39
1535,8338800_5493200,0.0,0,9,1
1536,9271600_5862000,0.0,0,47,127
1537,9277600_5673200,0.0,0,10,9
1538,8287200_5496400,0.07142857142857142,4,52,246
1539,9275600_5871200,0.13043478260869565,6,40,135
1540,9152800_5816400,0.0,0,4,228
1541,9156000_5814400,0.1875,9,39,66
1542,9065200_5683600,0.4375,21,27,52
1543,8496400_5765200,0.19444444444444445,7,29,112
1544,9064000_5681600,0.22580645161290322,7,24,41
1545,9290000_5554400,0.0,0,4,10
1546,9060400_5689200,0.14634146341463414,6,35,74
1547,9152400_5822000,0.16666666666666666,7,35,157
1548,8506800_5765200,0.08333333333333333,2,22,49
1549,9368400_5516400,0.037037037037037035,1,26,25
1550,9062800_5688000,0.5,1,1,12
1551,8335200_5490000,0.0,0,5,5
1552,8495200_5774000,0.1895424836601307,29,124,297
1553,9067600_5687600,0.0,0,0,2
1554,9154400_5816400,0.0,0,52,76
1555,9056400_5683200,0.11764705882352941,4,30,133
1556,8493600_5768800,0.16666666666666666,20,100,176
1557,9154400_5816800,0.0,0,27,100
1558,9277200_5863200,0.19736842105263158,15,61,67
1559,9064400_5677600,0.0,0,0,70
1560,9275600_5859600,0.0,0,18,365
1561,9066000_5685600,0.18421052631578946,14,62,63
1562,9068400_5682000,0.25,4,12,45
1563,9282000_5873600,0.0,0,5,6
1564,8495600_5767200,0.23958333333333334,23,73,222
1565,9371200_5518000,0.0,0,16,52
1566,8492800_5767600,0.08450704225352113,12,130,691
1567,8288400_5494000,0.03278688524590164,2,59,395
1568,9148800_5815200,0.06666666666666667,4,56,354
1569,8496400_5769600,0.0,0,1,689
1570,9060000_5689200,0.16981132075471697,9,44,330
1571,9378000_5523600,0.0,0,1,8
1572,8491600_5773200,0.0,0,3,6
1573,8504000_5767600,0.014492753623188406,1,68,217
1574,8288400_5494800,0.04878048780487805,2,39,56
1575,8289600_5498400,0.11392405063291139,9,70,295
1576,8494000_5776800,0.12903225806451613,8,54,313
1577,9154000_5822000,0.0,0,4,8
1578,8583200_5542000,0.3125,25,55,82
1579,9276400_5675600,0.0,0,1,11
1580,8338400_5494000,0.0,0,8,7
1581,8502000_5766800,0.08928571428571429,10,102,610
1582,9064400_5681200,0.08333333333333333,3,33,199
1583,9058800_5690000,0.4444444444444444,4,5,7
1584,9281600_5863600,0.0,0,2,58
1585,8589200_5626800,0.22093023255813954,19,67,190
1586,8494000_5769600,0.20422535211267606,29,113,245
1587,8592000_5528000,0.0,0,3,116
1588,8494400_5771600,0.38144329896907214,37,60,453
1589,9152000_5822400,0.05555555555555555,1,17,123
1590,9280000_5861600,0.0707070707070707,7,92,64
1591,9278800_5676000,0.07692307692307693,3,36,242
1592,9374800_5526400,0.12280701754385964,7,50,264
1593,9374400_5530400,0.0,0,0,138
1594,9364000_5527200,0.36363636363636365,28,49,28
1595,9272000_5867200,0.0,0,11,64
1596,9273600_5866400,0.08,2,23,233
1597,9599600_6069600,0.0,0,0,59
1598,8819200_5992000,0.1,1,9,67
1599,9266800_5668800,0.0,0,11,15
1600,8587200_5546000,0.0,0,7,20
1601,8495200_5768800,0.2689075630252101,32,87,290
1602,9366000_5529600,0.0,0,4,53
1603,8821600_5994000,0.21052631578947367,4,15,41
1604,8369600_5549600,0.0,0,51,1
1605,9273200_5872400,0.0,0,13,128
1606,8334000_5494400,0.0,0,8,3
1607,8501600_5765200,0.2857142857142857,2,5,9
1608,8587200_5535200,0.08333333333333333,4,44,294
1609,9058400_5681200,0.0,0,10,46
1610,9153200_5814800,0.07142857142857142,5,65,257
1611,9064800_5688400,0.21739130434782608,5,18,186
1612,8593600_5628800,0.1566265060240964,13,70,148
1613,9060800_5688400,0.21621621621621623,8,29,63
1614,8337600_5492400,0.0,0,40,17
1615,8495200_5779200,0.07142857142857142,6,78,553
1616,9066400_5677600,0.0,0,2,7
1617,9276400_5678000,0.0,0,0,14
1618,8589600_5545600,0.0,0,2,19
1619,9065200_5678400,0.14285714285714285,3,18,143
1620,8593200_5530800,0.12727272727272726,14,96,592
1621,9154400_5814800,0.15492957746478872,11,60,65
1622,9276400_5870400,0.07692307692307693,1,12,14
1623,8492400_5770000,0.29411764705882354,40,96,258
1624,9158400_5814800,0.0,0,2,35
1625,8288400_5496400,0.12162162162162163,9,65,258
1626,9064400_5688400,0.0,0,4,108
1627,9149200_5812800,0.0,0,0,69
1628,9292800_5559200,0.0,0,4,24
1629,9056800_5688000,0.0,0,0,1
1630,8508400_5764400,0.1,11,99,600
1631,8490400_5774000,0.11904761904761904,5,37,199
1632,9148000_5818400,0.14705882352941177,10,58,217
1633,9371600_5525600,0.0,0,0,110
1634,9064000_5679200,0.0,0,2,8
1635,8495200_5775600,0.1206896551724138,14,102,264
1636,8592800_5535200,0.05063291139240506,4,75,472
1637,8288800_5493600,0.14035087719298245,8,49,73
1638,8591600_5536400,0.2,21,84,473
1639,8595600_5630800,0.25,1,3,31
1640,8291200_5497600,0.057692307692307696,3,49,195
1641,8817200_5996400,0.11627906976744186,5,38,90
1642,8492400_5771600,0.2857142857142857,2,5,30
1643,9064400_5688000,0.2222222222222222,2,7,30
1644,8589600_5538400,0.10144927536231885,7,62,141
1645,8583600_5538400,0.0,0,0,7
1646,9057600_5690400,0.14285714285714285,3,18,120
1647,8592800_5626800,0.15,9,51,143
1648,9062400_5690000,0.0,0,11,161
1649,9061200_5688000,0.20689655172413793,6,23,101
1650,8495600_5773200,0.25980392156862747,53,151,311
1651,9062000_5680400,0.21052631578947367,8,30,212
1652,9156400_5816800,0.16666666666666666,4,20,128
1653,9059200_5681200,0.12,3,22,56
1654,9071200_5682800,0.0,0,0,4
1655,9070400_5689600,0.0,0,0,95
1656,8490800_5773200,0.0,0,6,4
1657,9072400_5682400,0.10526315789473684,4,34,220
1658,9145200_5822400,0.0,0,1,60
1659,8498400_5768400,0.1875,3,13,54
1660,8290800_5498400,0.10869565217391304,5,41,195
1661,8489600_5774800,0.3333333333333333,1,2,43
1662,9063200_5688400,0.058823529411764705,1,16,159
1663,9062800_5690800,0.0,0,8,22
1664,8339200_5491600,0.0,0,26,1
1665,9363600_5517200,0.0,0,0,96
1666,9299200_5564000,0.0,0,0,166
1667,9280800_5673600,0.0,0,16,163
1668,9154800_5814400,0.21153846153846154,22,82,190
1669,9158400_5815200,0.0,0,6,54
1670,9059200_5689600,0.06666666666666667,2,28,107
1671,9154800_5812400,0.05102040816326531,5,93,712
1672,9372000_5522400,0.2391304347826087,11,35,72
1673,9060400_5690800,0.0,0,1,7
1674,8489200_5772000,0.0,0,0,6
1675,8594000_5535200,0.06666666666666667,1,14,8
1676,9373200_5528000,0.0,0,0,1
1677,8505600_5770000,0.109375,7,57,734
1678,9281600_5864400,0.022222222222222223,2,88,7
1679,9291200_5556000,0.11666666666666667,7,53,150
1680,9285600_5867200,0.0,0,70,3
1681,9144800_5819600,0.0,0,0,27
1682,8501600_5772000,0.19827586206896552,23,93,347
1683,9368800_5526800,0.0,0,13,38
1684,8337200_5490400,0.0,0,13,7
1685,9367600_5529200,0.3333333333333333,1,2,7
1686,9063600_5690000,0.05405405405405406,2,35,30
1687,9153600_5818000,0.09433962264150944,5,48,551
1688,8492000_5776800,0.0958904109589041,7,66,69
1689,8866000_5683600,0.0,0,0,1
1690,8585200_5540800,0.33064516129032256,41,83,255
1691,9152400_5816400,0.3333333333333333,1,2,101
1692,9059600_5689200,0.10204081632653061,5,44,138
1693,8500800_5765600,0.0,0,24,18
1694,9066000_5682000,0.10256410256410256,4,35,150
1695,9063600_5678400,0.0,0,0,2
1696,9057600_5682000,0.0,0,12,79
1697,9283200_5677200,0.0,0,0,49
1698,9276800_5870800,0.08333333333333333,2,22,35
1699,9057600_5681600,0.0,0,5,399
1700,8826000_5991200,0.0,0,15,116
1701,9278400_5860000,0.0,0,1,5
1702,9275200_5873600,0.0,0,0,2
1703,9298000_5563600,0.045454545454545456,1,21,34
1704,9152000_5810000,0.75,3,1,18
1705,9272800_5672000,0.05,1,19,87
1706,8368000_5549600,0.0,0,72,5
1707,8289200_5499200,0.0,0,11,106
1708,9157200_5816800,0.10606060606060606,7,59,323
1709,8492000_5774800,0.25,3,9,48
1710,8494000_5777600,0.0,0,7,39
1711,8493200_5770000,0.16666666666666666,8,40,129
1712,9154000_5811200,0.0,0,20,50
1713,9152400_5812400,0.12903225806451613,8,54,298
1714,9377200_5524400,0.0,0,5,27
1715,9056400_5689200,0.0,0,0,95
1716,8336400_5490000,0.05555555555555555,2,34,131
1717,8589200_5535200,0.2421875,31,97,198
1718,8495200_5777200,0.14893617021276595,14,80,289
1719,9272000_5864000,0.0,0,0,1
1720,9283200_5676000,0.0,0,0,16
1721,8590800_5624800,0.30434782608695654,14,32,164
1722,8494800_5779200,0.1875,12,52,227
1723,9062800_5680800,0.09090909090909091,4,40,137
1724,9276400_5859600,0.06976744186046512,3,40,68
1725,8336000_5492800,0.2222222222222222,16,56,148
1726,8490000_5772000,0.0,0,8,27
1727,9276000_5865600,0.0,0,12,70
1728,8492800_5768400,0.2604166666666667,25,71,276
1729,9376400_5522000,0.0,0,1,87
1730,8370800_5550800,0.1,4,36,19
1731,8493600_5773600,0.15789473684210525,6,32,28
1732,9276000_5667200,0.0,0,5,59
1733,8491600_5775200,0.0,0,3,2
1734,9279600_5875200,0.32051282051282054,25,53,12
1735,9609600_6071600,0.5,1,1,3
1736,8596000_5536400,0.28125,9,23,25
1737,9159200_5816800,0.07575757575757576,5,61,690
1738,8592800_5538400,0.05747126436781609,5,82,381
1739,9372800_5524400,0.0,0,0,10
1740,9602000_6068400,0.031413612565445025,6,185,207
1741,9363600_5519200,0.3050847457627119,18,41,19
1742,9054800_5681200,0.09375,3,29,157
1743,9061200_5679600,0.15217391304347827,7,39,169
1744,9372400_5522800,0.10416666666666667,5,43,90
1745,8368800_5549200,0.0,0,42,7
1746,9054000_5681600,0.05555555555555555,1,17,25
1747,9061600_5680000,0.047619047619047616,1,20,38
1748,8334000_5493200,0.0,0,32,70
1749,8335200_5491600,0.22,11,39,44
1750,8594800_5529600,0.0,0,1,3
1751,9060400_5691600,0.2,1,4,47
1752,8490000_5770000,0.145985401459854,20,117,417
1753,9069200_5682800,0.0,0,2,18
1754,8334400_5494000,0.027777777777777776,1,35,30
1755,8493200_5776400,0.13043478260869565,3,20,41
1756,9066000_5684800,0.2391304347826087,11,35,21
1757,8493200_5768000,0.2,21,84,434
1758,8490000_5771600,0.2,3,12,44
1759,8498000_5767200,0.18181818181818182,10,45,56
1760,9062000_5682400,0.09090909090909091,2,20,61
1761,9063200_5682400,0.21428571428571427,12,44,72
1762,9064000_5678800,0.058823529411764705,1,16,78
1763,9069600_5681200,0.15942028985507245,11,58,321
1764,9280800_5862000,0.031746031746031744,2,61,17
1765,9270400_5672000,0.027777777777777776,1,35,47
1766,8494000_5769200,0.15476190476190477,13,71,199
1767,8596400_5535200,0.0,0,0,72
1768,9606000_6070400,0.16793893129770993,22,109,229
1769,8494800_5771600,0.32894736842105265,25,51,420
1770,9368000_5519200,0.18666666666666668,14,61,71
1771,8810800_5993200,0.0,0,1,1
1772,9156400_5818400,0.0,0,0,1
1773,9368800_5520000,0.10256410256410256,4,35,25
1774,8290400_5497600,0.16666666666666666,13,65,85
1775,8488800_5773600,0.07407407407407407,2,25,6
1776,8864000_5685600,0.0625,1,15,23
1777,8813200_5989600,0.12121212121212122,4,29,241
1778,9063600_5689600,0.3333333333333333,2,4,14
1779,9066400_5688400,0.0,0,4,11
1780,9061600_5687600,0.25,4,12,67
1781,8828400_5994800,0.5,3,3,9
1782,9367600_5522000,0.3,3,7,14
1783,9298400_5562400,0.0,0,5,29
1784,9061200_5681200,0.0,0,9,87
1785,9156800_5818400,0.0,0,0,1
1786,9366400_5515600,0.029411764705882353,1,33,104
